"ref","date","variable","value_mean","n_obs","range","range_prop","check"
"k+m+_c1_1.1","2022-11-03","body",0.9655310636,1,0,0,FALSE
"k+m+_c1_1.1","2022-11-03","spine",0.1715837564,1,0,0,FALSE
"k+m+_c1_1.10","2022-11-03","body",0.8780463516,1,0,0,FALSE
"k+m+_c1_1.10","2022-11-03","spine",0.3683309372,1,0,0,FALSE
"k+m+_c1_1.12","2022-11-03","body",1.2573148336,1,0,0,FALSE
"k+m+_c1_1.12","2022-11-03","spine",0.4158467426,1,0,0,FALSE
"k+m+_c1_1.2","2022-11-03","body",0.9742731848,1,0,0,FALSE
"k+m+_c1_1.2","2022-11-03","spine",0.3605054258,1,0,0,FALSE
"k+m+_c1_1.5","2022-11-03","body",0.9679374596,1,0,0,FALSE
"k+m+_c1_1.5","2022-11-03","spine",0.3829585686,1,0,0,FALSE
"k+m+_c1_1.7","2022-11-03","body",1.1931819926,1,0,0,FALSE
"k+m+_c1_1.7","2022-11-03","spine",0.4346924504,1,0,0,FALSE
"k+m+_c1_2.2","2022-11-09","body",1.36389618,1,0,0,FALSE
"k+m+_c1_2.2","2022-11-09","spine",0.4658529164,1,0,0,FALSE
"k+m+_c1_2.3","2022-11-07","body",1.2899429116,1,0,0,FALSE
"k+m+_c1_2.3","2022-11-07","spine",0.410802328,1,0,0,FALSE
"k+m+_c1_2.4","2022-11-07","body",1.1916772458,1,0,0,FALSE
"k+m+_c1_2.4","2022-11-07","spine",0.385719701,1,0,0,FALSE
"k+m+_c1_2.5","2022-11-07","body",1.1686440432,1,0,0,FALSE
"k+m+_c1_2.5","2022-11-07","spine",0.3527086926,1,0,0,FALSE
"k+m+_c1_2.9","2022-11-07","body",1.0082713896,1,0,0,FALSE
"k+m+_c1_2.9","2022-11-07","spine",0.3986743106,1,0,0,FALSE
"k+m+_c1_4.1","2022-12-06","body",0.8772436354,2,0.00120081039999997,0.00136884481293778,FALSE
"k+m+_c1_4.1","2022-12-06","spine",0.3017071055,2,0.00435480459999998,0.0144338814718435,TRUE
"k+m+_c1_4.1","2022-12-13","body",1.2785863684,1,0,0,FALSE
"k+m+_c1_4.1","2022-12-13","spine",0.426893609,1,0,0,FALSE
"k+m+_c1_4.4","2022-12-06","body",0.9936608651,2,0.0035776153999999,0.00360043906895725,FALSE
"k+m+_c1_4.4","2022-12-06","spine",0.3268898593,2,0.00144675859999999,0.00442582894158316,FALSE
"k+m+_c1_4.6","2022-12-06","body",0.7584788361,2,0.00159590740000004,0.00210408955931584,FALSE
"k+m+_c1_4.6","2022-12-06","spine",0.2768562154,2,0.00329250040000006,0.0118924561445842,TRUE
"k+m+_c1_4.6","2022-12-13","body",1.2573290068,1,0,0,FALSE
"k+m+_c1_4.6","2022-12-13","spine",0.3680673868,1,0,0,FALSE
"k+m+_c1_5.1","2022-12-11","body",0.857793814,2,0.00471657680000004,0.00549849710154244,FALSE
"k+m+_c1_5.1","2022-12-11","spine",0.3867485407,2,0.000377418600000012,0.000975875951120331,FALSE
"k+m+_c1_5.1","2022-12-18","body",1.1530090351,2,0.00247337579999996,0.00214514867161075,FALSE
"k+m+_c1_5.1","2022-12-18","spine",0.4279309958,2,0.00109773720000006,0.00256522011907056,FALSE
"k+m+_c1_6.2","2022-12-12","body",1.1452899116,2,0.00242686840000017,0.00211899919436972,FALSE
"k+m+_c1_6.2","2022-12-12","spine",0.4091210512,2,0.00890777999999998,0.0217729690854881,TRUE
"k+m+_c1_6.2","2022-12-19","body",1.4207670213,2,0.00102273099999994,0.000719844270501258,FALSE
"k+m+_c1_6.2","2022-12-19","spine",0.4244974365,2,0.00110030259999999,0.00259201235482606,FALSE
"k+m+_m37_1.1","2022-11-03","body",1.1797456212,1,0,0,FALSE
"k+m+_m37_1.1","2022-11-03","spine",0.4058444004,1,0,0,FALSE
"k+m+_m37_1.1","2022-11-09","body",1.4195857562,1,0,0,FALSE
"k+m+_m37_1.1","2022-11-09","spine",0.4129381632,1,0,0,FALSE
"k+m+_m37_1.2","2022-11-03","body",1.231373839,1,0,0,FALSE
"k+m+_m37_1.2","2022-11-03","spine",0.4297728768,1,0,0,FALSE
"k+m+_m37_1.2","2022-11-09","body",1.4301775054,1,0,0,FALSE
"k+m+_m37_1.2","2022-11-09","spine",0.397003143,1,0,0,FALSE
"k+m+_m37_2.1","2022-11-07","body",1.3178856294,1,0,0,FALSE
"k+m+_m37_2.1","2022-11-07","spine",0.400806031,1,0,0,FALSE
"k+m+_m37_2.2","2022-11-07","body",1.1650505528,1,0,0,FALSE
"k+m+_m37_2.2","2022-11-07","spine",0.3586992318,1,0,0,FALSE
"k+m+_m37_2.3","2022-11-07","body",1.0713176694,1,0,0,FALSE
"k+m+_m37_2.3","2022-11-07","spine",0.3449809712,1,0,0,FALSE
"k+m+_m37_2.5","2022-11-07","body",1.2516950074,1,0,0,FALSE
"k+m+_m37_2.5","2022-11-07","spine",0.377041664,1,0,0,FALSE
"k+m+_m37_2.6","2022-11-07","body",1.1531715824,1,0,0,FALSE
"k+m+_m37_2.6","2022-11-07","spine",0.3439579862,1,0,0,FALSE
"k+m+_m37_2.7","2022-11-07","body",1.2328504934,1,0,0,FALSE
"k+m+_m37_2.7","2022-11-07","spine",0.3935371606,1,0,0,FALSE
"k+m+_m37_2.9","2022-11-07","body",1.3527568576,1,0,0,FALSE
"k+m+_m37_2.9","2022-11-07","spine",0.404995507,1,0,0,FALSE
"k+m+_m37_5.1","2022-12-11","body",1.1480354738,2,0.0040226995999999,0.00350398545324105,FALSE
"k+m+_m37_5.1","2022-12-11","spine",0.4258658488,2,0.00490077759999991,0.0115077966777784,TRUE
"k+m+_m37_5.1","2022-12-18","body",1.3985474442,2,0.00891270759999996,0.00637283178126161,FALSE
"k+m+_m37_5.1","2022-12-18","spine",0.3934643007,2,0.00248155460000005,0.00630693711115644,FALSE
"k+m+_m37_5.2","2022-12-11","body",1.1449043142,2,0.00235584999999983,0.00205768287426358,FALSE
"k+m+_m37_5.2","2022-12-11","spine",0.4425695746,2,0.00587801720000003,0.0132815664188227,TRUE
"k+m+_m37_5.2","2022-12-18","body",1.382905413,1,0,0,FALSE
"k+m+_m37_5.2","2022-12-18","spine",0.3928647972,1,0,0,FALSE
"k+m+_m37_5.3","2022-12-11","body",1.1634083412,1,0,0,FALSE
"k+m+_m37_5.3","2022-12-11","spine",0.4074552684,1,0,0,FALSE
"k+m+_m37_5.4","2022-12-11","body",0.9303783272,1,0,0,FALSE
"k+m+_m37_5.4","2022-12-11","spine",0.3114544444,1,0,0,FALSE
"k+m+_m37_6.2","2022-12-12","body",1.0896069394,2,0.0081515204,0.00748115683302154,FALSE
"k+m+_m37_6.2","2022-12-12","spine",0.4359888791,2,0.00809947579999998,0.0185772532013191,TRUE
"k+m+_m37_6.2","2022-12-19","body",1.2671412935,2,0.0060574174000001,0.00478038039725528,FALSE
"k+m+_m37_6.2","2022-12-19","spine",0.398450181,2,0.00780277839999993,0.0195828205684764,TRUE
"k+m+_w2_1.1","2022-11-03","body",1.0810950692,1,0,0,FALSE
"k+m+_w2_1.1","2022-11-03","spine",0.41399079,1,0,0,FALSE
"k+m+_w2_1.1","2022-11-09","body",1.3729048996,1,0,0,FALSE
"k+m+_w2_1.1","2022-11-09","spine",0.3288980976,1,0,0,FALSE
"k+m+_w2_1.3","2022-11-03","spine",0.5355444331,2,0.9469899018,1.76827512951325,TRUE
"k+m+_w2_1.3","2022-11-09","body",1.4086701062,1,0,0,FALSE
"k+m+_w2_1.3","2022-11-09","spine",0.3440386566,1,0,0,FALSE
"k+m+_w2_1.5","2022-11-03","body",1.103413973,1,0,0,FALSE
"k+m+_w2_1.5","2022-11-03","spine",0.3888484222,1,0,0,FALSE
"k+m+_w2_1.5","2022-11-09","body",1.4122009348,1,0,0,FALSE
"k+m+_w2_1.5","2022-11-09","spine",0.2687571714,1,0,0,FALSE
"k+m+_w2_2.2","2022-11-07","body",1.2879932584,1,0,0,FALSE
"k+m+_w2_2.2","2022-11-07","spine",0.3976023544,1,0,0,FALSE
"k+m+_w2_4","2022-11-09","body",1.1801373908,1,0,0,FALSE
"k+m+_w2_4","2022-11-09","spine",0.3120961754,1,0,0,FALSE
"k+m+_w2_4.1","2022-12-06","body",1.1263052531,2,0.00541012379999994,0.00480342587864997,FALSE
"k+m+_w2_4.1","2022-12-06","spine",0.3653567115,2,0.00293723059999995,0.00803935033228465,FALSE
"k+m+_w2_4.1","2022-12-13","body",1.4354409696,1,0,0,FALSE
"k+m+_w2_4.1","2022-12-13","spine",0.4623641502,1,0,0,FALSE
"k+m+_w2_4.2","2022-12-06","body",1.083951731,2,0.00358454959999999,0.00330692732663756,FALSE
"k+m+_w2_4.2","2022-12-06","spine",0.3951024991,2,0.000350189800000067,0.000886326461608724,FALSE
"k+m+_w2_4.2","2022-12-13","body",1.3421754462,1,0,0,FALSE
"k+m+_w2_4.2","2022-12-13","spine",0.0204409802,1,0,0,FALSE
"k+m+_w2_4.3","2022-12-06","body",0.8287616394,2,0.00333491839999989,0.00402397775362078,FALSE
"k+m+_w2_4.3","2022-12-06","spine",0.1969576071,2,0.00237578900000002,0.0120624383844884,TRUE
"k+m+_w2_5.1","2022-12-11","body",1.1650456252,1,0,0,FALSE
"k+m+_w2_5.1","2022-12-11","spine",0.4027621612,1,0,0,FALSE
"k+m+_w2_5.1","2022-12-18","body",1.5050858392,1,0,0,FALSE
"k+m+_w2_5.1","2022-12-18","spine",0.3988006248,1,0,0,FALSE
"k+m+_w2_6.1","2022-12-12","body",0.775157073,1,0,0,FALSE
"k+m+_w2_6.1","2022-12-12","spine",0.3589702244,1,0,0,FALSE
"k+m+_w2_6.1","2022-12-19","body",1.1003653634,1,0,0,FALSE
"k+m+_w2_6.1","2022-12-19","spine",0.3112424814,1,0,0,FALSE
"k+m-_c1_1.10","2022-11-03","body",0.978064846,1,0,0,FALSE
"k+m-_c1_1.10","2022-11-03","spine",0.402453729,1,0,0,FALSE
"k+m-_c1_1.10","2022-11-09","body",1.2910268312,1,0,0,FALSE
"k+m-_c1_1.10","2022-11-09","spine",0.4525882744,1,0,0,FALSE
"k+m-_c1_1.12","2022-11-03","body",1.2680977178,1,0,0,FALSE
"k+m-_c1_1.12","2022-11-03","spine",0.4629773316,1,0,0,FALSE
"k+m-_c1_1.13","2022-11-03","body",1.22125613,1,0,0,FALSE
"k+m-_c1_1.13","2022-11-03","spine",0.4148638388,1,0,0,FALSE
"k+m-_c1_1.13","2022-11-09","body",1.4252258008,1,0,0,FALSE
"k+m-_c1_1.13","2022-11-09","spine",0.4202153648,1,0,0,FALSE
"k+m-_c1_1.2","2022-11-03","body",0.9579628542,2,0.00233573320000013,0.00243822940499161,FALSE
"k+m-_c1_1.2","2022-11-03","spine",0.368864134,1,0,0,FALSE
"k+m-_c1_1.3","2022-11-03","body",1.1342851838,1,0,0,FALSE
"k+m-_c1_1.3","2022-11-03","spine",0.430663604,1,0,0,FALSE
"k+m-_c1_1.3","2022-11-09","body",1.412156688,1,0,0,FALSE
"k+m-_c1_1.3","2022-11-09","spine",0.4902454254,1,0,0,FALSE
"k+m-_c1_1.4","2022-11-03","body",1.0851121808,1,0,0,FALSE
"k+m-_c1_1.4","2022-11-03","spine",0.2881522812,1,0,0,FALSE
"k+m-_c1_1.5","2022-11-03","spine",0.8346839034,2,0.9010794272,1.07954571009402,TRUE
"k+m-_c1_1.5","2022-11-09","body",1.6020793714,1,0,0,FALSE
"k+m-_c1_1.5","2022-11-09","spine",0.493222534,1,0,0,FALSE
"k+m-_c1_1.6","2022-11-03","body",0.9062107098,1,0,0,FALSE
"k+m-_c1_1.6","2022-11-03","spine",0.3190290546,1,0,0,FALSE
"k+m-_c1_1.6","2022-11-09","body",1.2772453246,1,0,0,FALSE
"k+m-_c1_1.6","2022-11-09","spine",0.130210433,1,0,0,FALSE
"k+m-_c1_2.3","2022-11-07","body",1.298528137,1,0,0,FALSE
"k+m-_c1_2.3","2022-11-07","spine",0.4186734324,1,0,0,FALSE
"k+m-_c1_2.5","2022-11-07","body",0.8031534356,1,0,0,FALSE
"k+m-_c1_2.5","2022-11-07","spine",0.2037276342,1,0,0,FALSE
"k+m-_c1_2.6","2022-11-07","body",1.1487883806,1,0,0,FALSE
"k+m-_c1_2.7","2022-11-07","body",1.1798217196,1,0,0,FALSE
"k+m-_c1_2.7","2022-11-07","spine",0.0806664884,1,0,0,FALSE
"k+m-_c1_2.8","2022-11-07","body",0.910686012,1,0,0,FALSE
"k+m-_c1_2.8","2022-11-07","spine",0.325040371,1,0,0,FALSE
"k+m-_c1_4.1","2022-12-06","body",0.9203446541,2,0.00432452779999992,0.00469881340727605,FALSE
"k+m-_c1_4.1","2022-12-06","spine",0.373808752,2,0.00138536680000001,0.00370608444181106,FALSE
"k+m-_c1_4.1","2022-12-13","body",1.3220428474,1,0,0,FALSE
"k+m-_c1_4.1","2022-12-13","spine",0.4309714012,1,0,0,FALSE
"k+m-_c1_4.5","2022-12-06","body",0.8519765917,2,0.00456298299999991,0.0053557609967841,FALSE
"k+m-_c1_4.5","2022-12-06","spine",0.3171479052,2,0.00304017679999996,0.00958599048000258,FALSE
"k+m-_c1_4.6","2022-12-06","body",0.6095487047,2,0.00217472259999996,0.00356775854534919,FALSE
"k+m-_c1_4.6","2022-12-06","spine",0.07636637,2,0.00444291719999999,0.0581789759026125,TRUE
"k+m-_c1_5.1","2022-12-11","body",0.890709801,1,0,0,FALSE
"k+m-_c1_5.1","2022-12-11","spine",0.2628301068,1,0,0,FALSE
"k+m-_c1_5.1","2022-12-18","body",1.1245373242,1,0,0,FALSE
"k+m-_c1_5.1","2022-12-18","spine",0.3356917594,1,0,0,FALSE
"k+m-_c1_5.3","2022-12-11","body",0.6571270322,1,0,0,FALSE
"k+m-_c1_5.3","2022-12-11","spine",0.101831013,1,0,0,FALSE
"k+m-_c1_6.2","2022-12-12","body",0.797360991,1,0,0,FALSE
"k+m-_c1_6.2","2022-12-12","spine",0.2957612576,1,0,0,FALSE
"k+m-_c1_6.2","2022-12-19","body",1.3136764176,1,0,0,FALSE
"k+m-_c1_6.2","2022-12-19","spine",0.3553196094,1,0,0,FALSE
"k+m-_c1_6.3","2022-12-12","body",0.9690913562,1,0,0,FALSE
"k+m-_c1_6.3","2022-12-12","spine",0.0611349298,1,0,0,FALSE
"k+m-_c1_6.3","2022-12-19","body",1.3777223398,1,0,0,FALSE
"k+m-_c1_6.3","2022-12-19","spine",0.0997505244,1,0,0,FALSE
"k+m-_c1_6.5","2022-12-12","body",0.8984158816,1,0,0,FALSE
"k+m-_c1_6.5","2022-12-12","spine",0.3246477124,1,0,0,FALSE
"k+m-_c1_6.5","2022-12-19","body",1.2453641844,1,0,0,FALSE
"k+m-_c1_6.5","2022-12-19","spine",0.385784725,1,0,0,FALSE
"k+m-_m37_1.1","2022-11-03","body",1.0803927592,1,0,0,FALSE
"k+m-_m37_1.1","2022-11-03","spine",0.385093464,1,0,0,FALSE
"k+m-_m37_1.1","2022-11-09","body",1.3543607406,1,0,0,FALSE
"k+m-_m37_1.1","2022-11-09","spine",0.3657207316,1,0,0,FALSE
"k+m-_m37_1.2","2022-11-03","body",0.9386113308,1,0,0,FALSE
"k+m-_m37_1.2","2022-11-03","spine",0.361390946,1,0,0,FALSE
"k+m-_m37_1.2","2022-11-09","body",1.40971524,1,0,0,FALSE
"k+m-_m37_1.2","2022-11-09","spine",0.363160818,1,0,0,FALSE
"k+m-_m37_1.3","2022-11-03","body",0.9307187634,1,0,0,FALSE
"k+m-_m37_1.3","2022-11-03","spine",0.3071507446,1,0,0,FALSE
"k+m-_m37_1.3","2022-11-09","body",1.2635172342,1,0,0,FALSE
"k+m-_m37_1.3","2022-11-09","spine",0.3777198186,1,0,0,FALSE
"k+m-_m37_2.1","2022-11-07","body",1.0670074418,1,0,0,FALSE
"k+m-_m37_2.1","2022-11-07","spine",0.3376774298,1,0,0,FALSE
"k+m-_m37_2.2","2022-11-07","body",0.9950043092,1,0,0,FALSE
"k+m-_m37_2.2","2022-11-07","spine",0.051901471,1,0,0,FALSE
"k+m-_m37_2.3","2022-11-07","body",0.9022210048,1,0,0,FALSE
"k+m-_m37_2.3","2022-11-07","spine",0.1456439302,1,0,0,FALSE
"k+m-_m37_2.5","2022-11-07","body",0.94265115,1,0,0,FALSE
"k+m-_m37_2.5","2022-11-07","spine",0.3459770576,1,0,0,FALSE
"k+m-_m37_2.7","2022-11-07","body",1.3040209632,1,0,0,FALSE
"k+m-_m37_2.7","2022-11-07","spine",0.424366055,1,0,0,FALSE
"k+m-_m37_2.8","2022-11-07","body",1.1632599036,1,0,0,FALSE
"k+m-_m37_2.8","2022-11-07","spine",0.3195686014,1,0,0,FALSE
"k+m-_m37_2.9","2022-11-07","body",1.1062386054,1,0,0,FALSE
"k+m-_m37_2.9","2022-11-07","spine",0.4244183536,1,0,0,FALSE
"k+m-_m37_5.2","2022-12-11","body",0.9222260956,1,0,0,FALSE
"k+m-_m37_5.2","2022-12-11","spine",0.1896712996,1,0,0,FALSE
"k+m-_m37_5.2","2022-12-18","body",1.174025211,1,0,0,FALSE
"k+m-_m37_5.2","2022-12-18","spine",0.2863321426,1,0,0,FALSE
"k+m-_m37_5.3","2022-12-18","body",1.4366320518,1,0,0,FALSE
"k+m-_m37_5.3","2022-12-18","spine",0.3931242582,1,0,0,FALSE
"k+m-_m37_6.1","2022-12-12","body",0.914736804,1,0,0,FALSE
"k+m-_m37_6.1","2022-12-12","spine",0.3708551384,1,0,0,FALSE
"k+m-_m37_6.1","2022-12-19","body",1.3295658448,1,0,0,FALSE
"k+m-_m37_6.1","2022-12-19","spine",0.4399073244,1,0,0,FALSE
"k+m-_m37_6.2","2022-12-12","body",0.9962135016,1,0,0,FALSE
"k+m-_m37_6.2","2022-12-12","spine",0.105450005,1,0,0,FALSE
"k+m-_m37_6.2","2022-12-19","body",1.3872442156,1,0,0,FALSE
"k+m-_m37_6.2","2022-12-19","spine",0.1976199248,1,0,0,FALSE
"k+m-_w2_1.1","2022-11-03","body",1.0343398922,1,0,0,FALSE
"k+m-_w2_1.1","2022-11-03","spine",0.3530960934,1,0,0,FALSE
"k+m-_w2_1.1","2022-11-09","body",1.303718246,1,0,0,FALSE
"k+m-_w2_1.1","2022-11-09","spine",0.3579482046,1,0,0,FALSE
"k+m-_w2_1.2","2022-11-03","body",1.0378297252,1,0,0,FALSE
"k+m-_w2_1.2","2022-11-03","spine",0.3920649004,1,0,0,FALSE
"k+m-_w2_1.3","2022-11-03","body",1.0122505028,1,0,0,FALSE
"k+m-_w2_1.3","2022-11-03","spine",0.3334347662,1,0,0,FALSE
"k+m-_w2_1.3","2022-11-09","body",1.5326312502,1,0,0,FALSE
"k+m-_w2_1.3","2022-11-09","spine",0.1395447044,1,0,0,FALSE
"k+m-_w2_1.4","2022-11-03","body",1.1092406568,1,0,0,FALSE
"k+m-_w2_1.4","2022-11-03","spine",0.37910897,1,0,0,FALSE
"k+m-_w2_1.4","2022-11-09","body",1.4571520006,1,0,0,FALSE
"k+m-_w2_1.4","2022-11-09","spine",0.3538817916,1,0,0,FALSE
"k+m-_w2_1.5","2022-11-03","body",0.988854131,1,0,0,FALSE
"k+m-_w2_1.5","2022-11-03","spine",0.3701973546,1,0,0,FALSE
"k+m-_w2_1.5","2022-11-09","body",1.2593026122,1,0,0,FALSE
"k+m-_w2_1.5","2022-11-09","spine",0.3449964144,1,0,0,FALSE
"k+m-_w2_2.1","2022-11-07","body",1.2474358592,1,0,0,FALSE
"k+m-_w2_2.1","2022-11-07","spine",0.4110880018,1,0,0,FALSE
"k+m-_w2_2.2","2022-11-07","body",1.1168908828,1,0,0,FALSE
"k+m-_w2_2.2","2022-11-07","spine",0.2175033496,1,0,0,FALSE
"k+m-_w2_2.3","2022-11-07","body",1.3270585854,1,0,0,FALSE
"k+m-_w2_2.3","2022-11-07","spine",0.4043052874,1,0,0,FALSE
"k+m-_w2_4.1","2022-12-06","body",1.1054920232,2,1.78307999998406e-05,1.61292887019002e-05,FALSE
"k+m-_w2_4.1","2022-12-06","spine",0.258701286,2,0.00134457439999996,0.00519740129935019,FALSE
"k+m-_w2_4.1","2022-12-13","body",1.3963407938,1,0,0,FALSE
"k+m-_w2_4.1","2022-12-13","spine",0.3552627642,1,0,0,FALSE
"k+m-_w2_4.3","2022-12-06","body",1.1575529173,2,0.00386742939999984,0.00334103896435305,FALSE
"k+m-_w2_4.3","2022-12-06","spine",0.4200867392,2,0.00120583960000004,0.00287045385506907,FALSE
"k+m-_w2_4.3","2022-12-13","body",1.4836511348,1,0,0,FALSE
"k+m-_w2_4.3","2022-12-13","spine",0.070078854,1,0,0,FALSE
"k+m-_w2_5.1","2022-12-11","body",1.2394867514,1,0,0,FALSE
"k+m-_w2_5.1","2022-12-11","spine",0.4365747682,1,0,0,FALSE
"k+m-_w2_5.1","2022-12-18","body",1.5602100368,1,0,0,FALSE
"k+m-_w2_5.1","2022-12-18","spine",0.2805587988,1,0,0,FALSE
"k+m-_w2_6.1","2022-12-12","body",0.9614419684,1,0,0,FALSE
"k+m-_w2_6.1","2022-12-12","spine",0.1054812978,1,0,0,FALSE
"k+m-_w2_6.1","2022-12-19","body",1.2973582638,1,0,0,FALSE
"k+m-_w2_6.1","2022-12-19","spine",0.1623314508,1,0,0,FALSE
"k+m-m37_2.4","2022-11-07","body",1.2441512582,1,0,0,FALSE
"k+m-m37_2.4","2022-11-07","spine",0.3459651704,1,0,0,FALSE
"k+m_m37_5.3","2022-12-11","body",1.2230484556,1,0,0,FALSE
"k+m_m37_5.3","2022-12-11","spine",0.3818145018,1,0,0,FALSE
"k--m-_c1_1.3","2022-11-03","body",1.3214903974,1,0,0,FALSE
"k--m-_c1_1.3","2022-11-03","spine",0.4812368836,1,0,0,FALSE
"k-m+_c1_1.1","2022-11-03","body",1.0216034178,1,0,0,FALSE
"k-m+_c1_1.1","2022-11-03","spine",0.327683241,1,0,0,FALSE
"k-m+_c1_1.1","2022-11-09","body",1.2595566122,1,0,0,FALSE
"k-m+_c1_1.1","2022-11-09","spine",0.4476290006,1,0,0,FALSE
"k-m+_c1_1.10","2022-11-03","body",0.8423258236,1,0,0,FALSE
"k-m+_c1_1.10","2022-11-03","spine",0.351471103,1,0,0,FALSE
"k-m+_c1_1.10","2022-11-09","body",1.2684039402,1,0,0,FALSE
"k-m+_c1_1.10","2022-11-09","spine",0.3383045558,1,0,0,FALSE
"k-m+_c1_1.16","2022-11-09","body",1.520507246,1,0,0,FALSE
"k-m+_c1_1.16","2022-11-09","spine",0.4611317676,1,0,0,FALSE
"k-m+_c1_1.18","2022-11-09","body",1.4136675816,1,0,0,FALSE
"k-m+_c1_1.18","2022-11-09","spine",0.4566950226,1,0,0,FALSE
"k-m+_c1_1.2","2022-11-03","body",1.149580505,1,0,0,FALSE
"k-m+_c1_1.2","2022-11-03","spine",0.4518317862,1,0,0,FALSE
"k-m+_c1_1.2","2022-11-09","body",1.4048067154,1,0,0,FALSE
"k-m+_c1_1.2","2022-11-09","spine",0.494650141,1,0,0,FALSE
"k-m+_c1_1.4","2022-11-03","body",0.9613769698,1,0,0,FALSE
"k-m+_c1_1.4","2022-11-03","spine",0.2707842438,1,0,0,FALSE
"k-m+_c1_1.4","2022-11-09","body",1.3587162564,1,0,0,FALSE
"k-m+_c1_1.4","2022-11-09","spine",0.4367706276,1,0,0,FALSE
"k-m+_c1_1.5","2022-11-03","body",1.1652340678,1,0,0,FALSE
"k-m+_c1_1.5","2022-11-03","spine",0.1008799608,1,0,0,FALSE
"k-m+_c1_1.5","2022-11-09","body",1.47071207,1,0,0,FALSE
"k-m+_c1_1.5","2022-11-09","spine",0.153914348,1,0,0,FALSE
"k-m+_c1_1.6","2022-11-03","body",1.0541049022,1,0,0,FALSE
"k-m+_c1_1.6","2022-11-03","spine",0.4065277366,1,0,0,FALSE
"k-m+_c1_1.7","2022-11-03","body",0.9752779326,1,0,0,FALSE
"k-m+_c1_1.7","2022-11-03","spine",0.4182666514,1,0,0,FALSE
"k-m+_c1_1.7","2022-11-09","body",1.277404354,1,0,0,FALSE
"k-m+_c1_1.7","2022-11-09","spine",0.4715793718,1,0,0,FALSE
"k-m+_c1_1.8","2022-11-03","body",1.1103221888,1,0,0,FALSE
"k-m+_c1_1.8","2022-11-03","spine",0.34591244,1,0,0,FALSE
"k-m+_c1_2.1","2022-11-07","body",1.2611024816,1,0,0,FALSE
"k-m+_c1_2.1","2022-11-07","spine",0.4515564248,1,0,0,FALSE
"k-m+_c1_2.3","2022-11-07","body",0.9268866908,1,0,0,FALSE
"k-m+_c1_2.3","2022-11-07","spine",0.3228032406,1,0,0,FALSE
"k-m+_c1_2.5","2022-11-07","body",1.147954143,1,0,0,FALSE
"k-m+_c1_2.5","2022-11-07","spine",0.4178575082,1,0,0,FALSE
"k-m+_c1_2.6","2022-11-07","body",1.0011474008,1,0,0,FALSE
"k-m+_c1_2.6","2022-11-07","spine",0.3723610028,1,0,0,FALSE
"k-m+_c1_2.8","2022-11-07","body",1.0672039362,1,0,0,FALSE
"k-m+_c1_2.8","2022-11-07","spine",0.1030317218,1,0,0,FALSE
"k-m+_c1_4.1","2022-12-06","body",0.8892629535,2,0.00241170459999995,0.00271202639276477,FALSE
"k-m+_c1_4.1","2022-12-06","spine",0.3250217401,2,0.0035098482,0.0107988105623954,TRUE
"k-m+_c1_4.3","2022-12-06","body",1.0033391795,2,0.00110233460000009,0.0010986659571586,FALSE
"k-m+_c1_4.3","2022-12-06","spine",0.3693908665,2,0.00926757099999997,0.0250887930386876,TRUE
"k-m+_c1_4.3","2022-12-13","body",1.2119207156,1,0,0,FALSE
"k-m+_c1_4.3","2022-12-13","spine",0.3332497526,1,0,0,FALSE
"k-m+_c1_4.4","2022-12-13","body",1.31690999,1,0,0,FALSE
"k-m+_c1_4.4","2022-12-13","spine",0.3557532636,1,0,0,FALSE
"k-m+_c1_4.5","2022-12-06","body",0.9314573446,2,0.00178333400000008,0.0019145632490191,FALSE
"k-m+_c1_4.5","2022-12-06","spine",0.4032693738,2,0.00160086040000001,0.0039697048772019,FALSE
"k-m+_c1_4.5","2022-12-13","body",1.2326844028,1,0,0,FALSE
"k-m+_c1_4.5","2022-12-13","spine",0.4375832244,1,0,0,FALSE
"k-m+_c1_6.1","2022-12-12","body",1.1101128674,1,0,0,FALSE
"k-m+_c1_6.1","2022-12-12","spine",0.3608244244,1,0,0,FALSE
"k-m+_c1_6.1","2022-12-19","body",1.4210498376,1,0,0,FALSE
"k-m+_c1_6.1","2022-12-19","spine",0.2947565352,1,0,0,FALSE
"k-m+_c1_6.2","2022-12-12","body",1.0186274776,1,0,0,FALSE
"k-m+_c1_6.2","2022-12-12","spine",0.3105898538,1,0,0,FALSE
"k-m+_c1_6.2","2022-12-19","body",1.412518257,1,0,0,FALSE
"k-m+_c1_6.2","2022-12-19","spine",0.3142635828,1,0,0,FALSE
"k-m+_c1_6.3","2022-12-12","body",0.970940273,1,0,0,FALSE
"k-m+_c1_6.3","2022-12-12","spine",0.0141104874,1,0,0,FALSE
"k-m+_c1_6.3","2022-12-19","body",1.3076086116,1,0,0,FALSE
"k-m+_c1_6.3","2022-12-19","spine",0.0116679472,1,0,0,FALSE
"k-m+_c1_6.4","2022-12-12","body",0.906460214,1,0,0,FALSE
"k-m+_c1_6.4","2022-12-12","spine",0.3251874116,1,0,0,FALSE
"k-m+_c1_6.4","2022-12-19","body",1.371623114,1,0,0,FALSE
"k-m+_c1_6.4","2022-12-19","spine",0.3814530344,1,0,0,FALSE
"k-m+_m37_1.2","2022-11-03","body",1.2217299162,1,0,0,FALSE
"k-m+_m37_1.2","2022-11-03","spine",0.36491037,1,0,0,FALSE
"k-m+_m37_1.2","2022-11-09","body",1.3967206,1,0,0,FALSE
"k-m+_m37_1.2","2022-11-09","spine",0.3446500092,1,0,0,FALSE
"k-m+_m37_1.3","2022-11-03","body",1.0720059586,1,0,0,FALSE
"k-m+_m37_1.3","2022-11-03","spine",0.0442860176,1,0,0,FALSE
"k-m+_m37_1.3","2022-11-09","body",1.1068472402,1,0,0,FALSE
"k-m+_m37_1.3","2022-11-09","spine",0.076570332,1,0,0,FALSE
"k-m+_m37_2.1","2022-11-07","body",1.0381044516,1,0,0,FALSE
"k-m+_m37_2.1","2022-11-07","spine",0.363355509,1,0,0,FALSE
"k-m+_m37_2.3","2022-11-07","body",0.7786489634,1,0,0,FALSE
"k-m+_m37_2.3","2022-11-07","spine",0.3325462996,1,0,0,FALSE
"k-m+_m37_2.4","2022-11-07","body",0.8554412914,1,0,0,FALSE
"k-m+_m37_2.4","2022-11-07","spine",0.2981773564,1,0,0,FALSE
"k-m+_m37_2.5","2022-11-07","body",1.2948568972,1,0,0,FALSE
"k-m+_m37_2.5","2022-11-07","spine",0.3854168568,1,0,0,FALSE
"k-m+_m37_2.6","2022-11-07","body",0.8765634742,1,0,0,FALSE
"k-m+_m37_2.6","2022-11-07","spine",0.0920726886,1,0,0,FALSE
"k-m+_m37_2.7","2022-11-07","body",1.1089381428,1,0,0,FALSE
"k-m+_m37_2.7","2022-11-07","spine",0.4139768708,1,0,0,FALSE
"k-m+_m37_2.8","2022-11-07","body",1.0718885852,1,0,0,FALSE
"k-m+_m37_2.8","2022-11-07","spine",0.3163173506,1,0,0,FALSE
"k-m+_m37_5.1","2022-12-11","body",1.211871846,1,0,0,FALSE
"k-m+_m37_5.1","2022-12-11","spine",0.439172985,1,0,0,FALSE
"k-m+_m37_5.1","2022-12-18","body",1.4466871498,1,0,0,FALSE
"k-m+_m37_5.1","2022-12-18","spine",0.3964014678,1,0,0,FALSE
"k-m+_m37_5.2","2022-12-11","body",1.1509102458,1,0,0,FALSE
"k-m+_m37_5.2","2022-12-11","spine",0.4259877688,1,0,0,FALSE
"k-m+_m37_5.2","2022-12-18","body",1.4550624696,1,0,0,FALSE
"k-m+_m37_5.2","2022-12-18","spine",0.378464191,1,0,0,FALSE
"k-m+_m37_5.3","2022-12-11","body",1.2443812552,1,0,0,FALSE
"k-m+_m37_5.3","2022-12-11","spine",0.4677629202,1,0,0,FALSE
"k-m+_m37_5.3","2022-12-18","body",1.4608448812,1,0,0,FALSE
"k-m+_m37_5.3","2022-12-18","spine",0.4558298986,1,0,0,FALSE
"k-m+_m37_5.4","2022-12-11","body",1.190841281,1,0,0,FALSE
"k-m+_m37_5.4","2022-12-11","spine",0.4153407746,1,0,0,FALSE
"k-m+_m37_5.4","2022-12-18","body",1.4409648854,1,0,0,FALSE
"k-m+_m37_5.4","2022-12-18","spine",0.3389947754,1,0,0,FALSE
"k-m+_m37_6.1","2022-12-12","body",1.120275509,1,0,0,FALSE
"k-m+_m37_6.1","2022-12-12","spine",0.383604897,1,0,0,FALSE
"k-m+_m37_6.1","2022-12-19","body",1.4434896454,1,0,0,FALSE
"k-m+_m37_6.1","2022-12-19","spine",0.3730670466,1,0,0,FALSE
"k-m+_m37_6.2","2022-12-12","body",0.9230033102,1,0,0,FALSE
"k-m+_m37_6.2","2022-12-12","spine",0.3266438984,1,0,0,FALSE
"k-m+_m37_6.2","2022-12-19","body",1.3295652098,1,0,0,FALSE
"k-m+_m37_6.2","2022-12-19","spine",0.35490277,1,0,0,FALSE
"k-m+_w2_1.1","2022-11-03","body",0.8868073196,1,0,0,FALSE
"k-m+_w2_1.1","2022-11-03","spine",0.3346865036,1,0,0,FALSE
"k-m+_w2_1.1","2022-11-09","body",1.3883273986,1,0,0,FALSE
"k-m+_w2_1.1","2022-11-09","spine",0.3938118362,1,0,0,FALSE
"k-m+_w2_1.2","2022-11-03","body",1.0670623566,1,0,0,FALSE
"k-m+_w2_1.2","2022-11-03","spine",0.39686992,1,0,0,FALSE
"k-m+_w2_1.2","2022-11-09","body",1.294496776,1,0,0,FALSE
"k-m+_w2_1.2","2022-11-09","spine",0.3475629066,1,0,0,FALSE
"k-m+_w2_1.3","2022-11-03","body",1.0288321816,1,0,0,FALSE
"k-m+_w2_1.3","2022-11-03","spine",0.2825477712,1,0,0,FALSE
"k-m+_w2_1.3","2022-11-09","body",1.2935009436,1,0,0,FALSE
"k-m+_w2_1.3","2022-11-09","spine",0.3724631362,1,0,0,FALSE
"k-m+_w2_1.4","2022-11-03","body",0.9913703566,1,0,0,FALSE
"k-m+_w2_1.4","2022-11-03","spine",0.3493234822,1,0,0,FALSE
"k-m+_w2_1.4","2022-11-09","body",1.416833717,1,0,0,FALSE
"k-m+_w2_1.4","2022-11-09","spine",0.3809957328,1,0,0,FALSE
"k-m+_w2_1.5","2022-11-03","body",0.7970953832,1,0,0,FALSE
"k-m+_w2_1.5","2022-11-03","spine",0.3034769648,1,0,0,FALSE
"k-m+_w2_1.5","2022-11-09","body",1.21926731,1,0,0,FALSE
"k-m+_w2_1.5","2022-11-09","spine",0.3671009676,1,0,0,FALSE
"k-m+_w2_2.1","2022-11-07","body",1.2282133678,1,0,0,FALSE
"k-m+_w2_2.1","2022-11-07","spine",0.371502051,1,0,0,FALSE
"k-m+_w2_2.2","2022-11-07","body",1.2882128922,1,0,0,FALSE
"k-m+_w2_2.2","2022-11-07","spine",0.2564083264,1,0,0,FALSE
"k-m+_w2_2.3","2022-11-07","body",0.8649838174,1,0,0,FALSE
"k-m+_w2_2.3","2022-11-07","spine",0.2800284214,1,0,0,FALSE
"k-m+_w2_4.1","2022-12-06","body",1.218274805,1,0,0,FALSE
"k-m+_w2_4.1","2022-12-06","spine",0.404439501,1,0,0,FALSE
"k-m+_w2_4.1","2022-12-13","body",1.5033977044,1,0,0,FALSE
"k-m+_w2_4.1","2022-12-13","spine",0.2483602602,1,0,0,FALSE
"k-m+_w2_4.2","2022-12-06","body",1.1463749488,1,0,0,FALSE
"k-m+_w2_4.2","2022-12-06","spine",0.375291096,1,0,0,FALSE
"k-m+_w2_4.2","2022-12-13","body",1.36680702,1,0,0,FALSE
"k-m+_w2_4.2","2022-12-13","spine",0.4385818508,1,0,0,FALSE
"k-m+_w2_4.3","2022-12-06","body",1.1775361514,1,0,0,FALSE
"k-m+_w2_4.3","2022-12-06","spine",0.4243931822,1,0,0,FALSE
"k-m+_w2_4.3","2022-12-13","body",1.3646357772,1,0,0,FALSE
"k-m+_w2_4.3","2022-12-13","spine",0.2696254958,1,0,0,FALSE
"k-m+_w2_5.1","2022-12-11","body",1.308789102,1,0,0,FALSE
"k-m+_w2_5.1","2022-12-11","spine",0.4829562604,1,0,0,FALSE
"k-m+_w2_5.1","2022-12-18","body",1.4340711476,1,0,0,FALSE
"k-m+_w2_5.1","2022-12-18","spine",0.3135274146,1,0,0,FALSE
"k-m+_w2_6.1","2022-12-12","body",0.830192396,1,0,0,FALSE
"k-m+_w2_6.1","2022-12-12","spine",0.2281596656,1,0,0,FALSE
"k-m+_w2_6.1","2022-12-19","body",0.9967012324,1,0,0,FALSE
"k-m+_w2_6.1","2022-12-19","spine",0.2808663928,1,0,0,FALSE
"k-m-_c1_1.10","2022-11-03","body",0.8736664518,1,0,0,FALSE
"k-m-_c1_1.10","2022-11-03","spine",0.4021333334,1,0,0,FALSE
"k-m-_c1_1.2","2022-11-03","body",1.2922186754,1,0,0,FALSE
"k-m-_c1_1.2","2022-11-03","spine",0.4559439954,1,0,0,FALSE
"k-m-_c1_1.2","2022-11-09","body",1.5831841844,1,0,0,FALSE
"k-m-_c1_1.2","2022-11-09","spine",0.5204026422,1,0,0,FALSE
"k-m-_c1_1.3","2022-11-09","body",1.6120886732,1,0,0,FALSE
"k-m-_c1_1.3","2022-11-09","spine",0.5434965,1,0,0,FALSE
"k-m-_c1_1.4","2022-11-03","body",1.0870868022,1,0,0,FALSE
"k-m-_c1_1.4","2022-11-03","spine",0.3757411078,1,0,0,FALSE
"k-m-_c1_1.4","2022-11-09","body",1.4205665518,1,0,0,FALSE
"k-m-_c1_1.4","2022-11-09","spine",0.5123815,1,0,0,FALSE
"k-m-_c1_1.5","2022-11-03","body",1.3726712704,1,0,0,FALSE
"k-m-_c1_1.5","2022-11-03","spine",0.4888255654,1,0,0,FALSE
"k-m-_c1_1.5","2022-11-09","body",1.5691953376,1,0,0,FALSE
"k-m-_c1_1.5","2022-11-09","spine",0.4142047596,1,0,0,FALSE
"k-m-_c1_1.6","2022-11-03","body",1.3617293568,1,0,0,FALSE
"k-m-_c1_1.6","2022-11-09","body",1.562989381,1,0,0,FALSE
"k-m-_c1_1.6","2022-11-09","spine",0.3602142656,1,0,0,FALSE
"k-m-_c1_1.7","2022-11-03","body",1.2870965622,1,0,0,FALSE
"k-m-_c1_1.7","2022-11-03","spine",0.4404322916,1,0,0,FALSE
"k-m-_c1_1.7","2022-11-09","body",1.5767464528,1,0,0,FALSE
"k-m-_c1_1.7","2022-11-09","spine",0.4572582676,1,0,0,FALSE
"k-m-_c1_1.9","2022-11-03","body",1.2290212148,1,0,0,FALSE
"k-m-_c1_1.9","2022-11-03","spine",0.4463052796,1,0,0,FALSE
"k-m-_c1_1.9","2022-11-09","body",1.3199911116,1,0,0,FALSE
"k-m-_c1_1.9","2022-11-09","spine",0.2348741556,1,0,0,FALSE
"k-m-_c1_10","2022-11-09","body",1.2293376734,1,0,0,FALSE
"k-m-_c1_10","2022-11-09","spine",0.4508251334,1,0,0,FALSE
"k-m-_c1_2.1","2022-11-07","body",1.1389242398,1,0,0,FALSE
"k-m-_c1_2.1","2022-11-07","spine",0.4186955304,1,0,0,FALSE
"k-m-_c1_2.10","2022-11-07","body",1.2757166256,1,0,0,FALSE
"k-m-_c1_2.10","2022-11-07","spine",0.4000523622,1,0,0,FALSE
"k-m-_c1_2.5","2022-11-07","body",1.0322060128,1,0,0,FALSE
"k-m-_c1_2.5","2022-11-07","spine",0.345282774,1,0,0,FALSE
"k-m-_c1_2.7","2022-11-07","body",1.1637284828,1,0,0,FALSE
"k-m-_c1_2.7","2022-11-07","spine",0.3722643812,1,0,0,FALSE
"k-m-_c1_2.8","2022-11-07","body",1.2866415974,1,0,0,FALSE
"k-m-_c1_2.8","2022-11-07","spine",0.3936593854,1,0,0,FALSE
"k-m-_c1_4.3","2022-12-06","body",0.8896049264,1,0,0,FALSE
"k-m-_c1_4.3","2022-12-06","spine",0.2814045934,1,0,0,FALSE
"k-m-_c1_4.3","2022-12-13","body",1.21560971,1,0,0,FALSE
"k-m-_c1_4.3","2022-12-13","spine",0.3491845696,1,0,0,FALSE
"k-m-_c1_4.4","2022-12-06","body",0.679346622,1,0,0,FALSE
"k-m-_c1_4.4","2022-12-06","spine",0.2092092336,1,0,0,FALSE
"k-m-_c1_4.4","2022-12-13","body",0.8089857582,1,0,0,FALSE
"k-m-_c1_4.4","2022-12-13","spine",0.201310621,1,0,0,FALSE
"k-m-_c1_5.1","2022-12-11","body",0.9367170242,1,0,0,FALSE
"k-m-_c1_5.1","2022-12-11","spine",0.3616803028,1,0,0,FALSE
"k-m-_c1_5.1","2022-12-18","body",1.2826497842,1,0,0,FALSE
"k-m-_c1_5.1","2022-12-18","spine",0.4222685484,1,0,0,FALSE
"k-m-_c1_5.2","2022-12-11","body",0.7691334884,1,0,0,FALSE
"k-m-_c1_5.2","2022-12-11","spine",0.0323362828,1,0,0,FALSE
"k-m-_c1_6.3","2022-12-12","body",0.9119772718,1,0,0,FALSE
"k-m-_c1_6.3","2022-12-12","spine",0.2529764054,1,0,0,FALSE
"k-m-_c1_6.3","2022-12-19","body",1.2345089102,1,0,0,FALSE
"k-m-_c1_6.3","2022-12-19","spine",0.3540583724,1,0,0,FALSE
"k-m-_m37_1.1","2022-11-03","body",1.2043381298,1,0,0,FALSE
"k-m-_m37_1.1","2022-11-03","spine",0.4399138522,1,0,0,FALSE
"k-m-_m37_1.1","2022-11-09","body",1.3174575124,1,0,0,FALSE
"k-m-_m37_1.1","2022-11-09","spine",0.3674508018,1,0,0,FALSE
"k-m-_m37_1.2","2022-11-03","body",1.2289543112,1,0,0,FALSE
"k-m-_m37_1.2","2022-11-03","spine",0.4548637334,1,0,0,FALSE
"k-m-_m37_1.2","2022-11-09","body",1.3758827448,1,0,0,FALSE
"k-m-_m37_1.2","2022-11-09","spine",0.3882441816,1,0,0,FALSE
"k-m-_m37_1.3","2022-11-03","body",1.150558659,1,0,0,FALSE
"k-m-_m37_1.3","2022-11-03","spine",0.4329320018,1,0,0,FALSE
"k-m-_m37_1.3","2022-11-09","body",1.3562786692,1,0,0,FALSE
"k-m-_m37_1.3","2022-11-09","spine",0.3891211166,1,0,0,FALSE
"k-m-_m37_2.1","2022-11-07","body",0.8682279816,1,0,0,FALSE
"k-m-_m37_2.1","2022-11-07","spine",0.0586910688,1,0,0,FALSE
"k-m-_m37_2.2","2022-11-07","body",1.0079801786,1,0,0,FALSE
"k-m-_m37_2.2","2022-11-07","spine",0.0713435454,1,0,0,FALSE
"k-m-_m37_2.3","2022-11-07","body",0.8095293944,1,0,0,FALSE
"k-m-_m37_2.3","2022-11-07","spine",0.0970469992,1,0,0,FALSE
"k-m-_m37_2.4","2022-11-07","body",1.206984505,1,0,0,FALSE
"k-m-_m37_2.4","2022-11-07","spine",0.4241220372,1,0,0,FALSE
"k-m-_m37_2.5","2022-11-07","body",0.9058885108,1,0,0,FALSE
"k-m-_m37_2.5","2022-11-07","spine",0.3165299486,1,0,0,FALSE
"k-m-_m37_2.6","2022-11-07","body",1.1316112242,1,0,0,FALSE
"k-m-_m37_2.6","2022-11-07","spine",0.3808181614,1,0,0,FALSE
"k-m-_m37_2.8","2022-11-07","body",1.1923050322,1,0,0,FALSE
"k-m-_m37_2.8","2022-11-07","spine",0.3825600426,1,0,0,FALSE
"k-m-_m37_2.9","2022-11-07","body",1.0961896288,1,0,0,FALSE
"k-m-_m37_2.9","2022-11-07","spine",0.3614761376,1,0,0,FALSE
"k-m-_m37_5.3","2022-12-11","body",0.9023085078,1,0,0,FALSE
"k-m-_m37_5.3","2022-12-11","spine",0.0218851734,1,0,0,FALSE
"k-m-_m37_5.3","2022-12-18","body",1.2761084714,1,0,0,FALSE
"k-m-_m37_5.3","2022-12-18","spine",0.016363696,1,0,0,FALSE
"k-m-_m37_6.1","2022-12-12","body",1.1415961928,1,0,0,FALSE
"k-m-_m37_6.1","2022-12-12","spine",0.3617894212,1,0,0,FALSE
"k-m-_m37_6.1","2022-12-19","body",1.4604997714,1,0,0,FALSE
"k-m-_m37_6.1","2022-12-19","spine",0.411704155,1,0,0,FALSE
"k-m-_m37_6.2","2022-12-12","body",0.950873892,1,0,0,FALSE
"k-m-_m37_6.2","2022-12-12","spine",0.3917328462,1,0,0,FALSE
"k-m-_m37_6.2","2022-12-19","body",1.415558002,1,0,0,FALSE
"k-m-_m37_6.2","2022-12-19","spine",0.4127987426,1,0,0,FALSE
"k-m-_w2_1.1","2022-11-03","body",1.0703654234,1,0,0,FALSE
"k-m-_w2_1.1","2022-11-03","spine",0.2633887798,1,0,0,FALSE
"k-m-_w2_1.1","2022-11-09","body",1.3548852506,1,0,0,FALSE
"k-m-_w2_1.1","2022-11-09","spine",0.3384637122,1,0,0,FALSE
"k-m-_w2_1.2","2022-11-03","body",0.9698318424,1,0,0,FALSE
"k-m-_w2_1.2","2022-11-03","spine",0.3635444342,1,0,0,FALSE
"k-m-_w2_1.3","2022-11-03","body",0.9515516656,1,0,0,FALSE
"k-m-_w2_1.3","2022-11-03","spine",0.34365184,1,0,0,FALSE
"k-m-_w2_1.4","2022-11-03","body",0.8297901362,1,0,0,FALSE
"k-m-_w2_1.4","2022-11-03","spine",0.3205244288,1,0,0,FALSE
"k-m-_w2_1.4","2022-11-09","body",1.3933358468,1,0,0,FALSE
"k-m-_w2_1.4","2022-11-09","spine",0.3815263134,1,0,0,FALSE
"k-m-_w2_1.5","2022-11-03","body",1.226199097,1,0,0,FALSE
"k-m-_w2_1.5","2022-11-03","spine",0.4129779904,1,0,0,FALSE
"k-m-_w2_1.5","2022-11-09","body",1.3366442152,1,0,0,FALSE
"k-m-_w2_1.5","2022-11-09","spine",0.35490277,1,0,0,FALSE
"k-m-_w2_2.1","2022-11-07","body",1.2720267422,1,0,0,FALSE
"k-m-_w2_2.1","2022-11-07","spine",0.4622716688,1,0,0,FALSE
"k-m-_w2_4","2022-11-03","body",0.9650003052,1,0,0,FALSE
"k-m-_w2_4","2022-11-03","spine",0.3502556114,1,0,0,FALSE
"k-m-_w2_4.1","2022-12-06","body",0.909801584,1,0,0,FALSE
"k-m-_w2_4.1","2022-12-06","spine",0.3575471132,1,0,0,FALSE
"k-m-_w2_4.1","2022-12-13","body",0.9815738306,1,0,0,FALSE
"k-m-_w2_4.1","2022-12-13","spine",0.1920091664,1,0,0,FALSE
"k-m-_w2_4.2","2022-12-06","body",1.1957100292,1,0,0,FALSE
"k-m-_w2_4.2","2022-12-06","spine",0.3778901256,1,0,0,FALSE
"k-m-_w2_4.2","2022-12-13","body",1.4801063108,1,0,0,FALSE
"k-m-_w2_4.2","2022-12-13","spine",0.4132924932,1,0,0,FALSE
"k-m-_w2_4.3","2022-12-06","body",0.9320887886,1,0,0,FALSE
"k-m-_w2_4.3","2022-12-06","spine",0.1586649608,1,0,0,FALSE
"k-m-_w2_4.3","2022-12-13","body",1.213734428,1,0,0,FALSE
"k-m-_w2_4.3","2022-12-13","spine",0.0644418828,1,0,0,FALSE
"k-m-_w2_5.1","2022-12-18","body",0.9449705002,1,0,0,FALSE
"k-m-_w2_5.1","2022-12-18","spine",0.024197056,1,0,0,FALSE
"k-m-_w2_6.1","2022-12-12","body",0.8976879176,1,0,0,FALSE
"k-m-_w2_6.1","2022-12-12","spine",0.1171983178,1,0,0,FALSE
"k-m-_w2_6.1","2022-12-19","body",1.287378299,1,0,0,FALSE
"k-m-_w2_6.1","2022-12-19","spine",0.2181491192,1,0,0,FALSE
