"treatment","clone","kairomone","metsch","block","rep","ref","plate_assay1","duration_feeding_assay1","feedingRate_assay1","body_assay1","spine_assay1","day_assay1","plate_assay2","duration_feeding_assay2","feedingRate_assay2","body_assay2","spine_assay2","day_assay2","r1","fate","day_fate","infectionFate","day_infection"
"k+m+","c1","TRUE","TRUE","1","12","k+m+_c1_1.12"," 1","9.468889"," 0.069150594","1.2573148","0.41584674"," 8"," 2","6.848611"," 0.10462850",NA,NA,"14","0.18401888","alive","21","FALSE","NULL"
"k-m+","m37","FALSE","TRUE","2","5","k-m+_m37_2.5"," 1","8.376667"," 0.531326199","1.2948569","0.38541686"," 7",NA,NA,NA,NA,NA,NA,"0.00000000","lost","11","FALSE","NULL"
"k-m-","w2","FALSE","FALSE","4","3","k-m-_w2_4.3"," 1","7.875833"," 0.000000000","0.9320888","0.15866496"," 7"," 1","6.921111"," 0.32615802","1.2137344","0.06444188","14","0.03300701","alive","21","FALSE","NULL"
"k-m+","w2","FALSE","TRUE","5","1","k-m+_w2_5.1"," 1","7.850833"," 0.244659036","1.3087891","0.48295626"," 7"," 1","7.273611"," 0.35495630","1.4340711","0.31352741","14","0.12714906","alive","21","FALSE","NULL"
"k-m+","c1","FALSE","TRUE","6","5","k-m+_c1_6.5"," 1",NA,NA,NA,NA," 7",NA,NA,NA,NA,NA,NA,"0.00000000","dead"," 7","FALSE","NULL"
"k+m+","c1","TRUE","TRUE","2","5","k+m+_c1_2.5"," 1","8.352500"," 0.331502936","1.1686440","0.35270869"," 7",NA,NA,NA,NA,NA,NA,"0.14454172","dead","17","FALSE","NULL"
"k-m+","c1","FALSE","TRUE","4","3","k-m+_c1_4.3"," 1","7.842778"," 0.028398912","1.0033392","0.36939087"," 7"," 1","6.751944"," 0.12886862","1.2119207","0.33324975","14","0.03300701","alive","21","FALSE","NULL"
"k+m-","c1","TRUE","FALSE","5","3","k+m-_c1_5.3"," 1","7.824444"," 0.116545320","0.6571270","0.10183101"," 7",NA,NA,NA,NA,NA,NA,"0.00000000","dead"," 9","FALSE","NULL"
"k+m-","m37","TRUE","FALSE","6","2","k+m-_m37_6.2"," 1","7.458889","-0.047283368","0.9962135","0.10545000"," 7"," 1","6.590278"," 0.38834990","1.3872442","0.19761992","14","0.12619801","alive","21","FALSE","NULL"
"k-m+","c1","FALSE","TRUE","1","8","k-m+_c1_1.8"," 1","9.436111"," 0.000000000","1.1103222","0.34591244"," 8"," 2",NA,NA,NA,NA,"14","0.00000000","missing","16","FALSE","NULL"
"k+m+","w2","TRUE","TRUE","4","1","k+m+_w2_4.1"," 1","7.818333"," 0.270708811","1.1263053","0.36535671"," 7"," 1","6.532778"," 0.27083534","1.4354410","0.46236415","14","0.15973432","alive","21","FALSE","NULL"
"k-m-","m37","FALSE","FALSE","5","3","k-m-_m37_5.3"," 1","7.762778"," 0.116936266","0.9023085","0.02188517"," 7"," 1","7.136111"," 0.60366621","1.2761085","0.01636370","14","0.08154673","alive","21","FALSE","NULL"
"k-m+","w2","FALSE","TRUE","1","2","k-m+_w2_1.2"," 1","9.406389"," 0.054182794","1.0670624","0.39686992"," 8"," 2","7.542778"," 0.38366892","1.2944968","0.34756291","14","0.08150958","alive","21","FALSE","NULL"
"k-m+","c1","FALSE","TRUE","2","6","k-m+_c1_2.6"," 1","8.328611"," 0.175410542","1.0011474","0.37236100"," 7",NA,NA,NA,NA,NA,NA,"0.10058987","alive","21","FALSE","NULL"
"k-m+","c1","FALSE","TRUE","4","5","k-m+_c1_4.5"," 1","7.794444","-0.022410440","0.9314573","0.40326937"," 7"," 1","6.814444","-0.11746036","1.2326844","0.43758322","14","0.07590206","alive","21","FALSE","NULL"
"k+m-","c1","TRUE","FALSE","5","1","k+m-_c1_5.1"," 1","7.698333"," 0.011972273","0.8907098","0.26283011"," 7"," 1","7.240000","-0.12758746","1.1245373","0.33569176","14","0.00000000","alive","21","FALSE","NULL"
"k+m+","c1","TRUE","TRUE","6","2","k+m+_c1_6.2"," 1","7.419722","-0.089612170","1.1452899","0.40912105"," 7"," 1","6.711944"," 0.23930948","1.4207670","0.42449744","14","0.11235901","alive","21","FALSE","NULL"
"k+m+","m37","TRUE","TRUE","1","1","k+m+_m37_1.1"," 1","9.384167"," 0.069774900","1.1797456","0.40584440"," 8"," 1","7.546667"," 0.40551839","1.4195858","0.41293816","14","0.14391527","alive","21","TRUE","21"
"k+m-","m37","TRUE","FALSE","2","8","k+m-_m37_2.8"," 1","8.298611"," 0.147274804","1.1632599","0.31956860"," 7",NA,NA,NA,NA,NA,NA,"0.14556294","alive","21","FALSE","NULL"
"k-m+","m37","FALSE","TRUE","5","4","k-m+_m37_5.4"," 1","7.605000","-0.031534470","1.1908413","0.41534077"," 7"," 1","7.013333","-0.09095495","1.4409649","0.33899478","14","0.12888175","alive","21","FALSE","NULL"
"k-m-","c1","FALSE","FALSE","6","3","k-m-_c1_6.3"," 1","7.381944"," 0.101329959","0.9119773","0.25297641"," 7"," 1","6.474722"," 0.13676787","1.2345089","0.35405837","14","0.08589701","alive","21","FALSE","NULL"
"k+m+","c1","TRUE","TRUE","1","4","k+m+_c1_1.4"," 1",NA,NA,NA,NA," 8"," 2","7.154722"," 0.51561403",NA,NA,"14","0.03300701","alive","21","TRUE","21"
"k-m-","m37","FALSE","FALSE","2","1","k-m-_m37_2.1"," 1","8.276667"," 0.153514553","0.8682280","0.05869107"," 7",NA,NA,NA,NA,NA,NA,"0.03300701","alive","21","FALSE","NULL"
"k-m-","w2","FALSE","FALSE","4","1","k-m-_w2_4.1"," 1","7.764167","-0.113104483","0.9098016","0.35754711"," 7"," 1","6.651667"," 0.46133270","0.9815738","0.19200917","14","0.00000000","alive","21","FALSE","NULL"
"k+m-","m37","TRUE","FALSE","5","2","k+m-_m37_5.2"," 1","7.566667"," 0.368127210","0.9222261","0.18967130"," 7"," 1","7.036389"," 0.04660036","1.1740252","0.28633214","14","0.09847316","alive","21","FALSE","NULL"
"k-m+","c1","FALSE","TRUE","6","2","k-m+_c1_6.2"," 1","7.358889"," 0.172242994","1.0186275","0.31058985"," 7"," 1","6.751389"," 0.25220473","1.4125183","0.31426358","14","0.07663990","alive","21","FALSE","NULL"
"k+m+","c1","TRUE","TRUE","1","2","k+m+_c1_1.2"," 1","9.312500"," 0.119881848","0.9742732","0.36050543"," 8"," 2",NA,NA,NA,NA,"14","0.08664340","dead","17","FALSE","NULL"
"k+m-","w2","TRUE","FALSE","2","3","k+m-_w2_2.3"," 1","7.501111"," 0.266866030","1.3270586","0.40430529"," 7",NA,NA,NA,NA,NA,NA,"0.13218080","alive","21","FALSE","NULL"
"k+m-","c1","TRUE","FALSE","4","5","k+m-_c1_4.5"," 1","7.740833"," 0.027902825","0.8519766","0.31714791"," 7",NA,NA,NA,NA,NA,NA,"0.00000000","dead","12","FALSE","NULL"
"k+m+","m37","TRUE","TRUE","5","4","k+m+_m37_5.4"," 1","7.441944"," 0.219149976","0.9303783","0.31145444"," 7",NA,NA,NA,NA,NA,NA,"0.00000000","missing"," 7","FALSE","NULL"
"k+m-","c1","TRUE","FALSE","6","3","k+m-_c1_6.3"," 1","7.329167"," 0.057156487","0.9690914","0.06113493"," 7"," 1","6.621389"," 0.39704969","1.3777223","0.09975052","14","0.11849610","alive","21","FALSE","NULL"
"k-m-","c1","FALSE","FALSE","1","6","k-m-_c1_1.6"," 1","9.285000"," 0.433812471","1.3617294",NA," 8"," 2","7.255556"," 0.66048738","1.5629894","0.36021427","14","0.19924534","dead","16","FALSE","NULL"
"k-m+","c1","FALSE","TRUE","2","5","k-m+_c1_2.5"," 1","8.225556"," 0.233513385","1.1479541","0.41785751"," 7",NA,NA,NA,NA,NA,NA,"0.15462199","alive","21","FALSE","NULL"
"k+m+","m37","TRUE","TRUE","5","1","k+m+_m37_5.1"," 1","7.422222"," 0.159507507","1.1480355","0.42586585"," 7"," 1","7.071944"," 0.43656378","1.3985474","0.39346430","14","0.11657875","alive","21","TRUE","21"
"k+m-","c1","TRUE","FALSE","6","1","k+m-_c1_6.1"," 1",NA,NA,NA,NA," 7",NA,NA,NA,NA,NA,NA,"0.00000000","dead"," 7","FALSE","NULL"
"k+m-","w2","TRUE","FALSE","1","4","k+m-_w2_1.4"," 1","9.264722"," 0.289100659","1.1092407","0.37910897"," 8"," 1","7.669722"," 0.31561972","1.4571520","0.35388179","14","0.12493857","alive","21","FALSE","NULL"
"k-m+","m37","FALSE","TRUE","2","8","k-m+_m37_2.8"," 1","8.201111"," 0.362680426","1.0718886","0.31631735"," 7",NA,NA,NA,NA,NA,NA,"0.11849610","alive","21","FALSE","NULL"
"k-m-","c1","FALSE","FALSE","5","2","k-m-_c1_5.2"," 1","7.386944"," 0.231242747","0.7691335","0.03233628"," 7",NA,NA,NA,NA,NA,NA,"0.00000000","lost"," 7","FALSE","NULL"
"k+m-","c1","TRUE","FALSE","6","5","k+m-_c1_6.5"," 1","7.286944"," 0.125177307","0.8984159","0.32464771"," 7"," 1","6.651389"," 0.15302472","1.2453642","0.38578472","14","0.10919221","alive","21","FALSE","NULL"
"k-m+","c1","FALSE","TRUE","1","6","k-m+_c1_1.6"," 1","9.351944"," 0.149446934","1.0541049","0.40652774"," 8"," 2",NA,NA,NA,NA,"14","0.14834085","alive","21","FALSE","NULL"
"k+m+","c1","TRUE","TRUE","2","10","k+m+_c1_2.10"," 1","8.143611"," 0.646458843",NA,NA," 7",NA,NA,NA,NA,NA,NA,"0.13339793","alive","21","FALSE","NULL"
"k-m+","w2","FALSE","TRUE","4","2","k-m+_w2_4.2"," 1","7.711944"," 0.344782979","1.1463749","0.37529110"," 7"," 1","6.784444"," 0.19681994","1.3668070","0.43858185","14","0.13670492","alive","21","FALSE","NULL"
"k+m+","m37","TRUE","TRUE","5","2","k+m+_m37_5.2"," 1","7.273611"," 0.185491520","1.1449043","0.44256957"," 7"," 1","7.103611"," 0.41479008","1.3829054","0.39286480","14","0.06462425","alive","21","FALSE","NULL"
"k+m-","w2","TRUE","FALSE","6","1","k+m-_w2_6.1"," 1","7.248611"," 0.057791680","0.9614420","0.10548130"," 7"," 1","6.519167"," 0.26000389","1.2973583","0.16233145","14","0.12669468","alive","21","FALSE","NULL"
"k-m-","c1","FALSE","FALSE","1","4","k-m-_c1_1.4"," 1","9.149722"," 0.531356556","1.0870868","0.37574111"," 8"," 1","7.799167"," 0.34204189","1.4205666","0.51238150","14","0.14346062","alive","21","FALSE","NULL"
"k+m+","m37","TRUE","TRUE","2","3","k+m+_m37_2.3"," 1","8.118611"," 0.379428194","1.0713177","0.34498097"," 7",NA,NA,NA,NA,NA,NA,"0.13218080","lost","17","FALSE","NULL"
"k+m+","w2","TRUE","TRUE","4","2","k+m+_w2_4.2"," 1","7.683889"," 0.332451182","1.0839517","0.39510250"," 7"," 1","7.060556"," 0.11976025","1.3421754","0.02044098","14","0.11657875","alive","21","FALSE","NULL"
"k+m+","c1","TRUE","TRUE","5","1","k+m+_c1_5.1"," 1","7.248889"," 0.133492944","0.8577938","0.38674854"," 7"," 1","7.306944"," 0.20740530","1.1530090","0.42793100","14","0.00000000","dead","16","FALSE","NULL"
"k+m-","c1","TRUE","FALSE","1","2","k+m-_c1_1.2"," 1","9.121111"," 0.309427727","0.9579629","0.36886413"," 8",NA,NA,NA,NA,NA,NA,"0.00000000","lost"," 8","FALSE","NULL"
"k+m-","c1","TRUE","FALSE","4","6","k+m-_c1_4.6"," 1","7.655556"," 0.051231701","0.6095487","0.07636637"," 7",NA,NA,NA,NA,NA,NA,"0.00000000","dead"," 9","FALSE","NULL"
"k+m-","m37","TRUE","FALSE","1","3","k+m-_m37_1.3"," 1","9.095556"," 0.134010305","0.9307188","0.30715074"," 8"," 2","6.631389"," 0.45074892","1.2635172","0.37771982","14","0.09847316","alive","21","FALSE","NULL"
"k+m-","c1","TRUE","FALSE","2","5","k+m-_c1_2.5"," 1","8.091111"," 0.016515937","0.8031534","0.20372763"," 7",NA,NA,NA,NA,NA,NA,"0.00000000","alive","21","FALSE","NULL"
"k-m-","c1","FALSE","FALSE","4","3","k-m-_c1_4.3"," 1","7.630278"," 0.071562446","0.8896049","0.28140459"," 7"," 1","7.108889"," 0.23764612","1.2156097","0.34918457","14","0.03770723","alive","21","FALSE","NULL"
"k+m+","w2","TRUE","TRUE","6","1","k+m+_w2_6.1"," 1","7.207500","-0.042693942","0.7751571","0.35897022"," 7"," 1","7.012778"," 0.12491207","1.1003654","0.31124248","14","0.10919221","alive","21","FALSE","NULL"
"k-m-","w2","FALSE","FALSE","1","2","k-m-_w2_1.2"," 1","9.073056"," 0.178775952","0.9698318","0.36354443"," 8"," 1",NA,NA,NA,NA,"14","0.00000000","missing","14","FALSE","NULL"
"k-m+","m37","FALSE","TRUE","2","4","k-m+_m37_2.4"," 1","8.060556"," 0.329110238","0.8554413","0.29817736"," 7",NA,NA,NA,NA,NA,NA,"0.11280737","alive","21","FALSE","NULL"
"k-m-","w2","FALSE","FALSE","5","1","k-m-_w2_5.1"," 1",NA,NA,NA,NA," 7"," 1","6.928333"," 0.22610605","0.9449705","0.02419706","14","0.00000000","alive","21","FALSE","NULL"
"k+m+","m37","TRUE","TRUE","2","5","k+m+_m37_2.5"," 1","7.883056"," 0.351244293","1.2516950","0.37704166"," 7",NA,NA,NA,NA,NA,NA,"0.00000000","dead"," 7","FALSE","NULL"
"k+m+","c1","TRUE","TRUE","4","6","k+m+_c1_4.6"," 1","7.588056"," 0.214625481","0.7584788","0.27685622"," 7"," 1","6.555556"," 0.31991267","1.2573290","0.36806739","14","0.08664340","alive","21","FALSE","NULL"
"k+m+","w2","TRUE","TRUE","5","1","k+m+_w2_5.1"," 1","7.197778"," 0.187445795","1.1650456","0.40276216"," 7"," 1","7.471944"," 0.34834721","1.5050858","0.39880062","14","0.11235901","alive","21","FALSE","NULL"
"k-m-","w2","FALSE","FALSE","6","1","k-m-_w2_6.1"," 1","7.160278"," 0.181107252","0.8976879","0.11719832"," 7"," 1","6.955833"," 0.14516725","1.2873783","0.21814912","14","0.05231487","alive","21","FALSE","NULL"
"k+m-","w2","TRUE","FALSE","1","1","k+m-_w2_1.1"," 1","9.043611"," 0.134780030","1.0343399","0.35309609"," 8"," 1","8.212500"," 0.15565707","1.3037182","0.35794820","14","0.13464538","alive","21","FALSE","NULL"
"k+m-","m37","TRUE","FALSE","2","4","k+m-_m37_2.4"," 1",NA,NA,NA,NA," 7",NA,NA,NA,NA,NA,NA,"0.14273284","alive","21","FALSE","NULL"
"k+m-","m37","TRUE","FALSE","5","3","k+m-_m37_5.3"," 1",NA,NA,NA,NA," 7"," 1","6.980833","-0.08085182","1.4366321","0.39312426","14","0.11355998","alive","21","FALSE","NULL"
"k-m+","m37","FALSE","TRUE","6","2","k-m+_m37_6.2"," 1","7.133333"," 0.185287532","0.9230033","0.32664390"," 7"," 1","6.678333"," 0.49778883","1.3295652","0.35490277","14","0.09400394","alive","21","FALSE","NULL"
"k+m-","c1","TRUE","FALSE","1","13","k+m-_c1_1.13"," 1","9.021111"," 0.169868596","1.2212561","0.41486384"," 8"," 1","7.474722"," 0.27367862","1.4252258","0.42021536","14","0.16238515","alive","21","FALSE","NULL"
"k+m-","w2","TRUE","FALSE","2","1","k+m-_w2_2.1"," 1","7.480556"," 0.445072109","1.2474359","0.41108800"," 7",NA,NA,NA,NA,NA,NA,"0.17750216","alive","21","FALSE","NULL"
"k+m-","w2","TRUE","FALSE","4","2","k+m-_w2_4.2"," 1",NA,NA,NA,NA," 7",NA,NA,NA,NA,NA,NA,"0.00000000","dead"," 7","FALSE","NULL"
"k+m-","w2","TRUE","FALSE","5","1","k+m-_w2_5.1"," 1","7.150000"," 0.170356467","1.2394868","0.43657477"," 7"," 1","7.344444"," 0.27127720","1.5602100","0.28055880","14","0.14478070","alive","21","FALSE","NULL"
"k-m-","m37","FALSE","FALSE","6","2","k-m-_m37_6.2"," 1","7.106389"," 0.283437525","0.9508739","0.39173285"," 7"," 1","6.933611"," 0.04973768","1.4155580","0.41279874","14","0.08532188","alive","21","FALSE","NULL"
"k+m-","c1","TRUE","FALSE","2","6","k+m-_c1_2.6"," 1","7.805278"," 0.357285738","1.1487884",NA," 7",NA,NA,NA,NA,NA,NA,"0.13218080","alive","21","FALSE","NULL"
"k-m+","w2","FALSE","TRUE","4","1","k-m+_w2_4.1"," 1","7.518056"," 0.286595201","1.2182748","0.40443950"," 7"," 1","6.686667"," 0.18955888","1.5033977","0.24836026","14","0.15798098","alive","21","FALSE","NULL"
"k-m-","m37","FALSE","FALSE","6","1","k-m-_m37_6.1"," 1","7.060833"," 0.517962629","1.1415962","0.36178942"," 7"," 1","6.780833"," 0.28395199","1.4604998","0.41170416","14","0.09901781","alive","21","FALSE","NULL"
"k+m+","w2","TRUE","TRUE","1","1","k+m+_w2_1.1"," 1","8.994444"," 0.150699126","1.0810951","0.41399079"," 8"," 1","7.733056"," 0.48667400","1.3729049","0.32889810","14","0.11957374","alive","21","FALSE","NULL"
"k-m+","w2","FALSE","TRUE","4","3","k-m+_w2_4.3"," 1","7.492778"," 0.136051063","1.1775362","0.42439318"," 7"," 1","7.030833"," 0.01703381","1.3646358","0.26962550","14","0.08167490","alive","21","FALSE","NULL"
"k-m+","c1","FALSE","TRUE","5","2","k-m+_c1_5.2"," 1",NA,NA,NA,NA," 7",NA,NA,NA,NA,NA,NA,"0.00000000","dead"," 7","FALSE","NULL"
"k-m-","c1","FALSE","FALSE","6","4","k-m-_c1_6.4"," 1",NA,NA,NA,NA," 7",NA,NA,NA,NA,NA,NA,"0.00000000","dead"," 7","FALSE","NULL"
"k+m-","m37","TRUE","FALSE","2","9","k+m-_m37_2.9"," 1","7.782500"," 0.196179685","1.1062386","0.42441835"," 7",NA,NA,NA,NA,NA,NA,"0.00000000","dead"," 7","FALSE","NULL"
"k-m+","c1","FALSE","TRUE","4","6","k-m+_c1_4.6"," 1",NA,NA,NA,NA," 7",NA,NA,NA,NA,NA,NA,"0.00000000","dead"," 7","FALSE","NULL"
"k-m+","m37","FALSE","TRUE","5","2","k-m+_m37_5.2"," 1","7.104722"," 0.041604445","1.1509102","0.42598777"," 7"," 1","7.399722","-0.10130521","1.4550625","0.37846419","14","0.10259474","alive","21","FALSE","NULL"
"k+m-","m37","TRUE","FALSE","6","1","k+m-_m37_6.1"," 1","7.018889"," 0.170551160","0.9147368","0.37085514"," 7"," 1","6.809444"," 0.56033879","1.3295658","0.43990732","14","0.14360274","alive","21","FALSE","NULL"
"k+m-","c1","TRUE","FALSE","1","9","k+m-_c1_1.9"," 1",NA,NA,NA,NA," 8",NA,NA,NA,NA,NA,NA,"0.00000000","dead"," 8","FALSE","NULL"
"k+m+","m37","TRUE","TRUE","2","6","k+m+_m37_2.6"," 1","7.760000"," 0.472540879","1.1531716","0.34395799"," 7",NA,NA,NA,NA,NA,NA,"0.14927598","lost","21","FALSE","NULL"
"k-m-","w2","FALSE","FALSE","4","2","k-m-_w2_4.2"," 1","7.452222"," 0.032810476","1.1957100","0.37789013"," 7"," 1","6.709722"," 0.58893010","1.4801063","0.41329249","14","0.15949986","alive","21","FALSE","NULL"
"k-m+","m37","FALSE","TRUE","5","3","k-m+_m37_5.3"," 1","7.083333"," 0.092027266","1.2443813","0.46776292"," 7"," 1","7.208889"," 0.30539243","1.4608449","0.45582990","14","0.09858842","alive","21","FALSE","NULL"
"k-m+","c1","FALSE","TRUE","6","1","k-m+_c1_6.1"," 1","6.986389"," 0.048525143","1.1101129","0.36082442"," 7"," 1","6.837500"," 0.48620106","1.4210498","0.29475654","14","0.10964691","alive","21","FALSE","NULL"
"k+m-","w2","TRUE","FALSE","1","5","k+m-_w2_1.5"," 1","8.941944"," 0.095641584","0.9888541","0.37019735"," 8"," 1","8.304444"," 0.40396770","1.2593026","0.34499641","14","0.13811512","alive","21","FALSE","NULL"
"k-m-","m37","FALSE","FALSE","2","8","k-m-_m37_2.8"," 1","7.733056"," 0.259497289","1.1923050","0.38256004"," 7",NA,NA,NA,NA,NA,NA,"0.17491023","alive","21","FALSE","NULL"
"k-m+","c1","FALSE","TRUE","4","1","k-m+_c1_4.1"," 1","7.428889"," 0.085689600","0.8892630","0.32502174"," 7",NA,NA,NA,NA,NA,NA,"0.00000000","dead","12","FALSE","NULL"
"k-m-","c1","FALSE","FALSE","5","1","k-m-_c1_5.1"," 1","7.056111"," 0.017678540","0.9367170","0.36168030"," 7"," 1","7.164167"," 0.38306876","1.2826498","0.42226855","14","0.11849610","alive","21","FALSE","NULL"
"k+m-","c1","TRUE","FALSE","6","2","k+m-_c1_6.2"," 1","6.952778"," 0.131193620","0.7973610","0.29576126"," 7"," 1","6.496944"," 0.21263894","1.3136764","0.35531961","14","0.06601402","alive","21","FALSE","NULL"
"k-m+","w2","FALSE","TRUE","1","1","k-m+_w2_1.1"," 1","8.916389","-0.118861394","0.8868073","0.33468650"," 8"," 1","7.866389"," 0.08770590","1.3883274","0.39381184","14","0.13441214","alive","21","FALSE","NULL"
"k+m-","w2","TRUE","FALSE","4","3","k+m-_w2_4.3"," 1","7.389722"," 0.355039414","1.1575529","0.42008674"," 7"," 1","6.984444"," 0.28485294","1.4836511","0.07007885","14","0.17276384","alive","21","FALSE","NULL"
"k-m+","m37","FALSE","TRUE","5","1","k-m+_m37_5.1"," 1","7.036389"," 0.077989735","1.2118718","0.43917299"," 7"," 1","7.440000"," 0.25637114","1.4466871","0.39640147","14","0.09467282","alive","21","FALSE","NULL"
"k-m+","c1","FALSE","TRUE","6","3","k-m+_c1_6.3"," 1","6.926944"," 0.159761016","0.9709403","0.01411049"," 7"," 1","6.566944"," 0.47439611","1.3076086","0.01166795","14","0.09847316","alive","21","FALSE","NULL"
"k+m+","w2","TRUE","TRUE","1","5","k+m+_w2_1.5"," 1","8.892778","-0.134206387","1.1034140","0.38884842"," 8"," 1","7.369444"," 0.39037145","1.4122009","0.26875717","14","0.10624497","alive","21","FALSE","NULL"
"k+m-","m37","TRUE","FALSE","2","7","k+m-_m37_2.7"," 1","8.032500"," 0.249211546","1.3040210","0.42436606"," 7",NA,NA,NA,NA,NA,NA,"0.18741845","alive","21","FALSE","NULL"
"k+m-","c1","TRUE","FALSE","4","1","k+m-_c1_4.1"," 1","7.365278"," 0.083762719","0.9203447","0.37380875"," 7"," 1","6.621944"," 0.25368943","1.3220428","0.43097140","14","0.11066954","alive","21","FALSE","NULL"
"k+m+","m37","TRUE","TRUE","6","2","k+m+_m37_6.2"," 1","6.906667","-0.026896311","1.0896069","0.43598888"," 7"," 1","6.873333"," 0.05743765","1.2671413","0.39845018","14","0.05231487","alive","21","FALSE","NULL"
"k+m+","c1","TRUE","TRUE","1","10","k+m+_c1_1.10"," 1","8.795000","-0.149822942","0.8780464","0.36833094"," 8"," 2","6.775556","-0.10600715",NA,NA,"14","0.13207660","alive","21","FALSE","NULL"
"k-m+","w2","FALSE","TRUE","2","1","k-m+_w2_2.1"," 1","8.008056"," 0.464593569","1.2282134","0.37150205"," 7",NA,NA,NA,NA,NA,NA,"0.18741845","alive","21","FALSE","NULL"
"k+m+","c1","TRUE","TRUE","4","5","k+m+_c1_4.5"," 1",NA,NA,NA,NA," 7",NA,NA,NA,NA,NA,NA,"0.00000000","dead"," 7","FALSE","NULL"
"k-m-","m37","FALSE","FALSE","5","4","k-m-_m37_5.4"," 1",NA,NA,NA,NA," 7",NA,NA,NA,NA,NA,NA,"0.00000000","dead"," 7","FALSE","NULL"
"k-m+","c1","FALSE","TRUE","6","4","k-m+_c1_6.4"," 1","6.881667"," 0.176353873","0.9064602","0.32518741"," 7"," 1","6.540556"," 0.19755467","1.3716231","0.38145303","14","0.08154673","alive","21","TRUE","21"
"k-m+","m37","FALSE","TRUE","1","3","k-m+_m37_1.3"," 1","8.759444"," 0.028721638","1.0720060","0.04428602"," 8"," 2","7.374444"," 0.11609519","1.1068472","0.07657033","14","0.12710312","alive","21","TRUE","21"
"k-m+","m37","FALSE","TRUE","2","6","k-m+_m37_2.6"," 1","7.707778"," 0.226504421","0.8765635","0.09207269"," 7",NA,NA,NA,NA,NA,NA,"0.00000000","lost"," 7","FALSE","NULL"
"k+m-","w2","TRUE","FALSE","4","1","k+m-_w2_4.1"," 1","7.318056"," 0.154394651","1.1054920","0.25870129"," 7"," 1","6.953056"," 0.25925555","1.3963408","0.35526276","14","0.09447216","alive","21","FALSE","NULL"
"k+m+","c1","TRUE","TRUE","5","3","k+m+_c1_5.3"," 1",NA,NA,NA,NA," 7",NA,NA,NA,NA,NA,NA,"0.00000000","dead"," 7","FALSE","NULL"
"k-m+","m37","FALSE","TRUE","6","1","k-m+_m37_6.1"," 1","6.862778"," 0.249108748","1.1202755","0.38360490"," 7"," 1","6.988889"," 0.35959139","1.4434896","0.37306705","14","0.11767068","alive","21","FALSE","NULL"
"k-m+","c1","FALSE","TRUE","2","1","k-m+_c1_2.1"," 1","7.683611"," 0.639795865","1.2611025","0.45155642"," 7",NA,NA,NA,NA,NA,NA,"0.19037863","alive","21","FALSE","NULL"
"k+m+","c1","TRUE","TRUE","4","1","k+m+_c1_4.1"," 1","7.289722","-0.054412576","0.8772436","0.30170711"," 7"," 1","6.593889"," 0.23925303","1.2785864","0.42689361","14","0.00000000","alive","21","FALSE","NULL"
"k+m+","m37","TRUE","TRUE","5","3","k+m+_m37_5.3"," 1","6.982500"," 0.241777114","1.1634083","0.40745527"," 7",NA,NA,NA,NA,NA,NA,"0.00000000","lost"," 9","FALSE","NULL"
"k-m+","w2","FALSE","TRUE","6","1","k-m+_w2_6.1"," 1","6.830278"," 0.177680705","0.8301924","0.22815967"," 7"," 1","6.900833"," 0.19559295","0.9967012","0.28086639","14","0.00000000","alive","21","FALSE","NULL"
"k-m-","c1","FALSE","FALSE","2","10","k-m-_c1_2.10"," 1","7.656389"," 0.356100244","1.2757166","0.40005236"," 7",NA,NA,NA,NA,NA,NA,"0.17228353","alive","21","FALSE","NULL"
"k+m+","w2","TRUE","TRUE","4","3","k+m+_w2_4.3"," 1","7.252500","-0.107296825","0.8287616","0.19695761"," 7",NA,NA,NA,NA,NA,NA,"0.00000000","lost"," 7","FALSE","NULL"
"k-m-","m37","FALSE","FALSE","2","4","k-m-_m37_2.4"," 1","7.635000","-0.014799679","1.2069845","0.42412204"," 7",NA,NA,NA,NA,NA,NA,"0.18139616","alive","21","FALSE","NULL"
"k-m-","c1","FALSE","FALSE","4","4","k-m-_c1_4.4"," 1","7.197778","-0.170333575","0.6793466","0.20920923"," 7"," 1","6.845000"," 0.21138989","0.8089858","0.20131062","14","0.00000000","dead","16","FALSE","NULL"
"k-m+","w2","FALSE","TRUE","2","2","k-m+_w2_2.2"," 1","7.611389"," 0.408067879","1.2882129","0.25640833"," 7",NA,NA,NA,NA,NA,NA,"0.17999528","dead","21","FALSE","NULL"
"k-m-","m37","FALSE","FALSE","2","3","k-m-_m37_2.3"," 1","7.575278","-0.072951356","0.8095294","0.09704700"," 7",NA,NA,NA,NA,NA,NA,"0.00000000","alive","21","FALSE","NULL"
"k+m-","m37","TRUE","FALSE","2","1","k+m-_m37_2.1"," 1","7.531667"," 0.362523376","1.0670074","0.33767743"," 7",NA,NA,NA,NA,NA,NA,"0.13195119","alive","21","FALSE","NULL"
"k-m+","c1","FALSE","TRUE","1","2","k-m+_c1_1.2"," 2","8.935278"," 0.308872359","1.1495805","0.45183179"," 8"," 2","7.061667"," 0.13714868","1.4048067","0.49465014","14","0.00000000","alive","21","FALSE","NULL"
"k-m-","m37","FALSE","FALSE","2","2","k-m-_m37_2.2"," 2","7.103333"," 0.626570971","1.0079802","0.07134355"," 7",NA,NA,NA,NA,NA,NA,"0.00000000","dead","21","FALSE","NULL"
"k-m-","w2","FALSE","FALSE","1","1","k-m-_w2_1.1"," 2","8.904444"," 0.383075262","1.0703654","0.26338878"," 8"," 2","6.557778"," 0.57010131","1.3548853","0.33846371","14","0.15267340","alive","21","FALSE","NULL"
"k+m-","m37","TRUE","FALSE","2","2","k+m-_m37_2.2"," 2","7.082222"," 0.067652997","0.9950043","0.05190147"," 7",NA,NA,NA,NA,NA,NA,"0.00000000","lost","17","FALSE","NULL"
"k-m-","w2","FALSE","FALSE","1","4","k-m-_w2_1.4"," 2","7.825000"," 0.060506224","0.8297901","0.32052443"," 8"," 1","8.334722"," 0.37478716","1.3933358","0.38152631","14","0.09901798","alive","21","FALSE","NULL"
"k-m+","m37","FALSE","TRUE","1","2","k-m+_m37_1.2"," 2","8.859722"," 0.111567645","1.2217299","0.36491037"," 8"," 1","7.768889"," 0.01327007","1.3967206","0.34465001","14","0.18018163","alive","21","FALSE","NULL"
"k+m-","c1","TRUE","FALSE","2","7","k+m-_c1_2.7"," 2","7.053611","-0.056878659","1.1798217","0.08066649"," 7",NA,NA,NA,NA,NA,NA,"0.15054195","alive","21","FALSE","NULL"
"k+m-","c1","TRUE","FALSE","1","5","k+m-_c1_1.5"," 2","8.835000"," 0.198306835",NA,"0.83468390"," 8"," 1","8.026944"," 0.46227264","1.6020794","0.49322253","14","0.19334319","alive","21","FALSE","NULL"
"k+m-","c1","TRUE","FALSE","2","3","k+m-_c1_2.3"," 2","7.032500","-0.222756929","1.2985281","0.41867343"," 7",NA,NA,NA,NA,NA,NA,"0.19339577","alive","21","FALSE","NULL"
"k+m-","m37","TRUE","FALSE","1","1","k+m-_m37_1.1"," 2","8.815000"," 0.239715364","1.0803928","0.38509346"," 8"," 1","7.573333"," 0.34511192","1.3543607","0.36572073","14","0.07082134","alive","21","FALSE","NULL"
"k+m+","m37","TRUE","TRUE","2","7","k+m+_m37_2.7"," 2","7.006944"," 0.027358453","1.2328505","0.39353716"," 7",NA,NA,NA,NA,NA,NA,"0.16272152","alive","21","FALSE","NULL"
"k+m+","c1","TRUE","TRUE","1","5","k+m+_c1_1.5"," 2","8.787500"," 0.220945678","0.9679375","0.38295857"," 8"," 2","7.512222","-0.06898767",NA,NA,"14","0.05231487","alive","21","FALSE","NULL"
"k-m-","c1","FALSE","FALSE","2","5","k-m-_c1_2.5"," 2","6.963056"," 0.154415462","1.0322060","0.34528277"," 7",NA,NA,NA,NA,NA,NA,"0.15913496","alive","21","FALSE","NULL"
"k+m+","w2","TRUE","TRUE","1","2","k+m+_w2_1.2"," 2",NA,NA,NA,NA," 8",NA,NA,NA,NA,NA,NA,"0.00000000","dead"," 8","FALSE","NULL"
"k+m-","m37","TRUE","FALSE","2","3","k+m-_m37_2.3"," 2","6.931389"," 0.008461680","0.9022210","0.14564393"," 7",NA,NA,NA,NA,NA,NA,"0.10510566","alive","21","FALSE","NULL"
"k+m-","w2","TRUE","FALSE","1","3","k+m-_w2_1.3"," 2","8.745833"," 0.216663226","1.0122505","0.33343477"," 8"," 2","7.288611"," 0.38380319","1.5326313","0.13954470","14","0.15289053","alive","21","FALSE","NULL"
"k+m+","w2","TRUE","TRUE","2","2","k+m+_w2_2.2"," 2","6.892500"," 0.046655222","1.2879933","0.39760235"," 7",NA,NA,NA,NA,NA,NA,"0.14756654","alive","21","FALSE","NULL"
"k-m-","c1","FALSE","FALSE","1","7","k-m-_c1_1.7"," 2","8.723333"," 0.391028551","1.2870966","0.44043229"," 8"," 1","7.828889"," 0.11057510","1.5767465","0.45725827","14","0.16889508","dead","16","FALSE","NULL"
"k-m-","c1","FALSE","FALSE","2","8","k-m-_c1_2.8"," 2","6.867778"," 0.704287614","1.2866416","0.39365939"," 7",NA,NA,NA,NA,NA,NA,"0.19330144","alive","21","FALSE","NULL"
"k-m-","c1","FALSE","FALSE","1","10","k-m-_c1_1.10"," 2","8.703056"," 0.210820549","0.8736665","0.40213333"," 8"," 1",NA,NA,NA,NA,"14","0.00000000","missing","16","FALSE","NULL"
"k+m+","c1","TRUE","TRUE","1","9","k+m+_c1_1.9"," 2",NA,NA,NA,NA," 8",NA,NA,NA,NA,NA,NA,"0.00000000","lost"," 8","FALSE","NULL"
"k+m+","m37","TRUE","TRUE","2","2","k+m+_m37_2.2"," 2","6.831111","-0.450941275","1.1650506","0.35869923"," 7",NA,NA,NA,NA,NA,NA,"0.04951051","alive","21","FALSE","NULL"
"k+m-","c1","TRUE","FALSE","1","1","k+m-_c1_1.1"," 2",NA,NA,NA,NA," 8",NA,NA,NA,NA,NA,NA,"0.00000000","lost"," 9","FALSE","NULL"
"k+m+","c1","TRUE","TRUE","2","9","k+m+_c1_2.9"," 2","6.795556","-0.507061911","1.0082714","0.39867431"," 7",NA,NA,NA,NA,NA,NA,"0.12142296","alive","21","FALSE","NULL"
"k-m-","c1","FALSE","FALSE","1","2","k-m-_c1_1.2"," 2","8.598889"," 0.332318684","1.2922187","0.45594400"," 8"," 2","6.531111"," 0.62433683","1.5831842","0.52040264","14","0.19512497","alive","21","FALSE","NULL"
"k+m-","m37","TRUE","FALSE","2","5","k+m-_m37_2.5"," 2","6.755000"," 0.117051848","0.9426511","0.34597706"," 7",NA,NA,NA,NA,NA,NA,"0.08154673","alive","21","FALSE","NULL"
"k-m-","m37","FALSE","FALSE","2","6","k-m-_m37_2.6"," 2","6.731667"," 0.347797922","1.1316112","0.38081816"," 7",NA,NA,NA,NA,NA,NA,"0.13470189","alive","21","FALSE","NULL"
"k+m+","c1","TRUE","TRUE","1","1","k+m+_c1_1.1"," 2","8.564444"," 0.070786403","0.9655311","0.17158376"," 8"," 1","8.276111"," 0.07944719",NA,NA,"14","0.04951051","dead","16","FALSE","NULL"
"k-m+","m37","FALSE","TRUE","2","1","k-m+_m37_2.1"," 2","6.705000","-0.042493596","1.0381045","0.36335551"," 7",NA,NA,NA,NA,NA,NA,"0.13017961","alive","21","FALSE","NULL"
"k-m-","w2","FALSE","FALSE","1","5","k-m-_w2_1.5"," 2","8.538611","-0.052942377","1.2261991","0.41297799"," 8"," 1","8.240278"," 0.16458689","1.3366442","0.35490277","14","0.10868092","alive","21","FALSE","NULL"
"k-m-","m37","FALSE","FALSE","2","9","k-m-_m37_2.9"," 2","6.361111"," 0.377732489","1.0961896","0.36147614"," 7",NA,NA,NA,NA,NA,NA,"0.14830291","alive","21","FALSE","NULL"
"k-m-","c1","FALSE","FALSE","1","5","k-m-_c1_1.5"," 2","8.516944"," 0.034434433","1.3726713","0.48882557"," 8"," 2","7.100833"," 0.42683821","1.5691953","0.41420476","14","0.20412802","alive","21","FALSE","NULL"
"k+m-","c1","TRUE","FALSE","1","4","k+m-_c1_1.4"," 2","9.512500",NA,"1.0851122","0.28815228"," 8",NA,NA,NA,NA,NA,NA,"0.00000000","dead"," 8","FALSE","NULL"
"k-m+","m37","FALSE","TRUE","2","3","k-m+_m37_2.3"," 2","6.659722","-0.025815492","0.7786490","0.33254630"," 7",NA,NA,NA,NA,NA,NA,"0.00000000","dead","10","FALSE","NULL"
"k+m-","m37","TRUE","FALSE","1","2","k+m-_m37_1.2"," 2","8.476111"," 0.050211251","0.9386113","0.36139095"," 8"," 1","7.515556"," 0.34776506","1.4097152","0.36316082","14","0.13392349","alive","21","FALSE","NULL"
"k-m-","c1","FALSE","FALSE","2","1","k-m-_c1_2.1"," 2","6.632778"," 0.090486990","1.1389242","0.41869553"," 7",NA,NA,NA,NA,NA,NA,"0.16414525","missing","21","FALSE","NULL"
"k-m-","c1","FALSE","FALSE","1","9","k-m-_c1_1.9"," 2","8.451667"," 0.092428846","1.2290212","0.44630528"," 8"," 1","7.702778"," 0.31366037","1.3199911","0.23487416","14","0.07786739","alive","21","FALSE","NULL"
"k-m+","w2","FALSE","TRUE","2","3","k-m+_w2_2.3"," 2","6.610278"," 0.225928915","0.8649838","0.28002842"," 7",NA,NA,NA,NA,NA,NA,"0.00000000","alive","21","FALSE","NULL"
"k+m+","m37","TRUE","TRUE","2","1","k+m+_m37_2.1"," 2","6.590000"," 0.140791705","1.3178856","0.40080603"," 7",NA,NA,NA,NA,NA,NA,"0.14278964","alive","21","TRUE","21"
"k+m-","c1","TRUE","FALSE","1","3","k+m-_c1_1.3"," 2","8.428056"," 0.242028606","1.1342852","0.43066360"," 8"," 2","7.334722"," 0.26564029","1.4121567","0.49024543","14","0.16607831","alive","21","FALSE","NULL"
"k-m+","c1","FALSE","TRUE","2","8","k-m+_c1_2.8"," 2","6.319444","-0.422890663","1.0672039","0.10303172"," 7",NA,NA,NA,NA,NA,NA,"0.13088135","alive","21","FALSE","NULL"
"k-m-","c1","FALSE","FALSE","2","7","k-m-_c1_2.7"," 2","6.538333"," 0.164446103","1.1637285","0.37226438"," 7",NA,NA,NA,NA,NA,NA,"0.17491023","alive","21","FALSE","NULL"
"k-m+","m37","FALSE","TRUE","2","7","k-m+_m37_2.7"," 2","6.513333"," 0.303169709","1.1089381","0.41397687"," 7",NA,NA,NA,NA,NA,NA,"0.14364427","alive","21","FALSE","NULL"
"k-m+","w2","FALSE","TRUE","1","5","k-m+_w2_1.5"," 2","8.403333","-0.006979515","0.7970954","0.30347696"," 8"," 1","8.064167"," 0.41090065","1.2192673","0.36710097","14","0.06601402","alive","21","FALSE","NULL"
"k-m-","m37","FALSE","FALSE","2","5","k-m-_m37_2.5"," 2","6.487222"," 0.757788534","0.9058885","0.31652995"," 7",NA,NA,NA,NA,NA,NA,"0.09400394","alive","21","FALSE","NULL"
"k+m+","c1","TRUE","TRUE","2","4","k+m+_c1_2.4"," 2","6.467778"," 0.254732365","1.1916772","0.38571970"," 7",NA,NA,NA,NA,NA,NA,"0.16531840","alive","21","FALSE","NULL"
"k+m+","m37","TRUE","TRUE","2","9","k+m+_m37_2.9"," 2","6.448333","-0.184836160","1.3527569","0.40499551"," 7",NA,NA,NA,NA,NA,NA,"0.13700350","alive","21","TRUE","21"
"k+m-","w2","TRUE","FALSE","2","2","k+m-_w2_2.2"," 2","6.426389"," 0.193551498","1.1168909","0.21750335"," 7",NA,NA,NA,NA,NA,NA,"0.00000000","alive","21","FALSE","NULL"
"k-m-","w2","FALSE","FALSE","2","1","k-m-_w2_2.1"," 2","6.403889"," 0.159480430","1.2720267","0.46227167"," 7",NA,NA,NA,NA,NA,NA,"0.19871953","alive","21","FALSE","NULL"
"k+m+","c1","TRUE","TRUE","2","3","k+m+_c1_2.3"," 2","6.383611","-0.132995952","1.2899429","0.41080233"," 7",NA,NA,NA,NA,NA,NA,"0.15515251","alive","21","FALSE","NULL"
"k+m+","w2","TRUE","TRUE","1","3","k+m+_w2_1.3"," 3","8.616389"," 0.196623149",NA,"0.53554443"," 8"," 2","6.873333"," 0.53672286","1.4086701","0.34403866","14","0.00000000","alive","21","FALSE","NULL"
"k-m+","c1","FALSE","TRUE","1","7","k-m+_c1_1.7"," 3","8.585833","-0.090984505","0.9752779","0.41826665"," 8"," 1","7.422222"," 0.07822967","1.2774044","0.47157937","14","0.14391527","dead","21","FALSE","NULL"
"k-m-","m37","FALSE","FALSE","1","2","k-m-_m37_1.2"," 3","8.557222","-0.044584288","1.2289543","0.45486373"," 8"," 1","7.393056"," 0.29360594","1.3758827","0.38824418","14","0.10058987","alive","21","FALSE","NULL"
"k-m+","c1","FALSE","TRUE","1","10","k-m+_c1_1.10"," 3","8.530833"," 0.280033496","0.8423258","0.35147110"," 8"," 2","6.591944"," 0.05545799","1.2684039","0.33830456","14","0.13927392","dead","16","FALSE","NULL"
"k-m-","m37","FALSE","FALSE","1","3","k-m-_m37_1.3"," 3","8.506389"," 0.303869152","1.1505587","0.43293200"," 8"," 2","7.021111"," 0.44055883","1.3562787","0.38912112","14","0.15185491","alive","21","FALSE","NULL"
"k-m+","c1","FALSE","TRUE","1","4","k-m+_c1_1.4"," 3","8.398333"," 0.022537817","0.9613770","0.27078424"," 8"," 1","7.643056"," 0.07596936","1.3587163","0.43677063","14","0.15111354","alive","21","FALSE","NULL"
"k-m+","c1","FALSE","TRUE","1","5","k-m+_c1_1.5"," 3","8.360833"," 0.159710626","1.1652341","0.10087996"," 8"," 2","7.483889"," 0.39587148","1.4707121","0.15391435","14","0.14054710","alive","21","FALSE","NULL"
"k+m-","c1","TRUE","FALSE","1","12","k+m-_c1_1.12"," 3","8.325278","-0.172475830","1.2680977","0.46297733"," 8",NA,NA,NA,NA,NA,NA,"0.17882643","lost","11","FALSE","NULL"
"k+m-","c1","TRUE","FALSE","1","6","k+m-_c1_1.6"," 3","8.298611","-0.289972268","0.9062107","0.31902905"," 8"," 2","6.807222"," 0.26924191","1.2772453","0.13021043","14","0.11458985","alive","21","FALSE","NULL"
"k-m-","c1","FALSE","FALSE","1","11","k-m-_c1_1.11"," 3",NA,NA,NA,NA," 8",NA,NA,NA,NA,NA,NA,"0.00000000","dead"," 8","FALSE","NULL"
"k+m+","c1","TRUE","TRUE","1","7","k+m+_c1_1.7"," 3","8.260556"," 0.332639452","1.1931820","0.43469245"," 8"," 1","7.990556"," 0.23730623",NA,NA,"14","0.13711405","alive","21","TRUE","21"
"k-m-","c1","FALSE","FALSE","1","3","k-m-_c1_1.3"," 3",NA,NA,NA,NA," 8"," 1","8.174167"," 0.25815744","1.6120887","0.54349650","14","0.22021370","alive","21","FALSE","NULL"
"k-m+","c1","FALSE","TRUE","1","1","k-m+_c1_1.1"," 3","8.195278","-0.037548036","1.0216034","0.32768324"," 8"," 2","7.457500"," 0.14510705","1.2595566","0.44762900","14","0.11946419","alive","21","FALSE","NULL"
"k+m+","c1","TRUE","TRUE","1","11","k+m+_c1_1.11"," 3",NA,NA,NA,NA," 8",NA,NA,NA,NA,NA,NA,"0.00000000","dead"," 8","FALSE","NULL"
"k-m+","w2","FALSE","TRUE","1","4","k-m+_w2_1.4"," 3","8.156111"," 0.190278047","0.9913704","0.34932348"," 8"," 2","6.715556"," 0.03086287","1.4168337","0.38099573","14","0.10510566","alive","21","FALSE","NULL"
"k+m+","w2","TRUE","TRUE","1","4","k+m+_w2_1.4"," 3",NA,NA,NA,NA," 8"," 2",NA,NA,NA,NA,"14","0.10083856","alive","21","FALSE","NULL"
"k+m-","c1","TRUE","FALSE","1","10","k+m-_c1_1.10"," 3","8.091944"," 0.000000000","0.9780648","0.40245373"," 8"," 2","7.407222"," 0.08669862","1.2910268","0.45258827","14","0.15054195","alive","21","FALSE","NULL"
"k+m-","w2","TRUE","FALSE","1","2","k+m-_w2_1.2"," 3","8.048333","-0.217363574","1.0378297","0.39206490"," 8",NA,NA,NA,NA,NA,NA,"0.00000000","lost"," 8","FALSE","NULL"
"k-m-","m37","FALSE","FALSE","1","1","k-m-_m37_1.1"," 3","8.018611"," 0.093486313","1.2043381","0.43991385"," 8"," 1","7.601667"," 0.17841373","1.3174575","0.36745080","14","0.16525479","alive","21","FALSE","NULL"
"k-m+","w2","FALSE","TRUE","1","3","k-m+_w2_1.3"," 3","7.997500","-0.140308835","1.0288322","0.28254777"," 8"," 2","6.959167"," 0.24878429","1.2935009","0.37246314","14","0.09863071","alive","21","FALSE","NULL"
"k+m+","m37","TRUE","TRUE","1","2","k+m+_m37_1.2"," 3","7.966944","-0.055795246","1.2313738","0.42977288"," 8"," 1","8.095833"," 0.28266586","1.4301775","0.39700314","14","0.17232520","alive","21","TRUE","21"
"k-m-","w2","FALSE","FALSE","1","3","k-m-_w2_1.3"," 3","7.943611"," 0.140430447","0.9515517","0.34365184"," 8",NA,NA,NA,NA,NA,NA,"0.00000000","dead"," 8","FALSE","NULL"
"k+m+","c1","TRUE","TRUE","2","2","k+m+_c1_2.2",NA,NA,NA,"1.3638962","0.46585292"," 9",NA,NA,NA,NA,NA,NA,"0.00000000","missing"," 4","FALSE","NULL"
"k+m+","c1","TRUE","TRUE","4","4","k+m+_c1_4.4",NA,NA,NA,"0.9936609","0.32688986"," 7",NA,NA,NA,NA,NA,NA,"0.00000000","missing"," 4","FALSE","NULL"
"k+m-","c1","TRUE","FALSE","2","8","k+m-_c1_2.8",NA,NA,NA,"0.9106860","0.32504037"," 7",NA,NA,NA,NA,NA,NA,"0.00000000","dead","14","FALSE","NULL"
"k+m","m37","TRUE","FALSE","5","3","k+m_m37_5.3",NA,NA,NA,"1.2230485","0.38181450"," 7",NA,NA,NA,NA,NA,NA,NA,NA,NA,NA,NA
"k--m-","c1","FALSE","FALSE","1","3","k--m-_c1_1.3",NA,NA,NA,"1.3214904","0.48123688"," 8",NA,NA,NA,NA,NA,NA,NA,NA,NA,NA,NA
"k-m+","c1","FALSE","TRUE","2","3","k-m+_c1_2.3",NA,NA,NA,"0.9268867","0.32280324"," 7",NA,NA,NA,NA,NA,NA,"0.10539762","alive","21","FALSE","NULL"
"k-m+","c1","FALSE","TRUE","4","4","k-m+_c1_4.4",NA,NA,NA,NA,NA,NA," 1","6.895000"," 0.00865869","1.3169100","0.35575326","14","0.08154673","alive","21","FALSE","NULL"
"k-m+","c1","FALSE","TRUE","1","16","k-m+_c1_1.16",NA,NA,NA,NA,NA,NA,NA,NA,NA,"1.5205072","0.46113177","14",NA,NA,NA,NA,NA
"k-m+","c1","FALSE","TRUE","1","18","k-m+_c1_1.18",NA,NA,NA,NA,NA,NA,NA,NA,NA,"1.4136676","0.45669502","14",NA,NA,NA,NA,NA
"k-m-","c1","FALSE","FALSE","1","1","k-m-_c1_1.1",NA,NA,NA,NA,NA,NA,NA,NA,NA,NA,NA,NA,"0.00000000","dead"," 5","FALSE","NULL"
"k-m-","c1","FALSE","FALSE","1","8","k-m-_c1_1.8",NA,NA,NA,NA,NA,NA,NA,NA,NA,NA,NA,NA,"0.00000000","dead"," 5","FALSE","NULL"
"k-m-","c1","FALSE","FALSE","1","12","k-m-_c1_1.12",NA,NA,NA,NA,NA,NA,NA,NA,NA,NA,NA,NA,"0.00000000","dead"," 5","FALSE","NULL"
"k-m-","c1","FALSE","FALSE","1","13","k-m-_c1_1.13",NA,NA,NA,NA,NA,NA,NA,NA,NA,NA,NA,NA,"0.00000000","dead"," 5","FALSE","NULL"
"k+m-","c1","TRUE","FALSE","1","7","k+m-_c1_1.7",NA,NA,NA,NA,NA,NA,NA,NA,NA,NA,NA,NA,"0.00000000","dead"," 2","FALSE","NULL"
"k+m-","c1","TRUE","FALSE","1","8","k+m-_c1_1.8",NA,NA,NA,NA,NA,NA,NA,NA,NA,NA,NA,NA,"0.00000000","missing"," 5","FALSE","NULL"
"k+m-","c1","TRUE","FALSE","1","11","k+m-_c1_1.11",NA,NA,NA,NA,NA,NA,NA,NA,NA,NA,NA,NA,"0.00000000","missing"," 5","FALSE","NULL"
"k-m+","c1","FALSE","TRUE","1","3","k-m+_c1_1.3",NA,NA,NA,NA,NA,NA,NA,NA,NA,NA,NA,NA,"0.00000000","dead"," 5","FALSE","NULL"
"k-m+","c1","FALSE","TRUE","1","9","k-m+_c1_1.9",NA,NA,NA,NA,NA,NA,NA,NA,NA,NA,NA,NA,"0.00000000","dead"," 5","FALSE","NULL"
"k-m+","c1","FALSE","TRUE","1","11","k-m+_c1_1.11",NA,NA,NA,NA,NA,NA,NA,NA,NA,NA,NA,NA,"0.00000000","dead"," 2","FALSE","NULL"
"k-m+","c1","FALSE","TRUE","1","12","k-m+_c1_1.12",NA,NA,NA,NA,NA,NA,NA,NA,NA,NA,NA,NA,"0.00000000","dead"," 5","FALSE","NULL"
"k-m+","c1","FALSE","TRUE","1","13","k-m+_c1_1.13",NA,NA,NA,NA,NA,NA,NA,NA,NA,NA,NA,NA,"0.00000000","dead"," 2","FALSE","NULL"
"k-m+","m37","FALSE","TRUE","1","1","k-m+_m37_1.1",NA,NA,NA,NA,NA,NA,NA,NA,NA,NA,NA,NA,"0.00000000","dead"," 2","FALSE","NULL"
"k+m+","c1","TRUE","TRUE","1","3","k+m+_c1_1.3",NA,NA,NA,NA,NA,NA,NA,NA,NA,NA,NA,NA,"0.00000000","dead"," 5","FALSE","NULL"
"k+m+","c1","TRUE","TRUE","1","6","k+m+_c1_1.6",NA,NA,NA,NA,NA,NA,NA,NA,NA,NA,NA,NA,"0.00000000","dead"," 5","FALSE","NULL"
"k+m+","c1","TRUE","TRUE","1","8","k+m+_c1_1.8",NA,NA,NA,NA,NA,NA,NA,NA,NA,NA,NA,NA,"0.00000000","dead"," 2","FALSE","NULL"
"k+m+","c1","TRUE","TRUE","1","13","k+m+_c1_1.13",NA,NA,NA,NA,NA,NA,NA,NA,NA,NA,NA,NA,"0.00000000","dead"," 5","FALSE","NULL"
"k+m+","m37","TRUE","TRUE","1","3","k+m+_m37_1.3",NA,NA,NA,NA,NA,NA,NA,NA,NA,NA,NA,NA,"0.00000000","stuck"," 2","FALSE","NULL"
"k-m-","c1","FALSE","FALSE","2","2","k-m-_c1_2.2",NA,NA,NA,NA,NA,NA,NA,NA,NA,NA,NA,NA,"0.00000000","lost"," 3","FALSE","NULL"
"k-m-","c1","FALSE","FALSE","2","3","k-m-_c1_2.3",NA,NA,NA,NA,NA,NA,NA,NA,NA,NA,NA,NA,"0.00000000","missing"," 4","FALSE","NULL"
"k-m-","c1","FALSE","FALSE","2","4","k-m-_c1_2.4",NA,NA,NA,NA,NA,NA,NA,NA,NA,NA,NA,NA,"0.00000000","alive"," 4","FALSE","NULL"
"k-m-","c1","FALSE","FALSE","2","6","k-m-_c1_2.6",NA,NA,NA,NA,NA,NA,NA,NA,NA,NA,NA,NA,"0.00000000","missing"," 4","FALSE","NULL"
"k-m-","c1","FALSE","FALSE","2","9","k-m-_c1_2.9",NA,NA,NA,NA,NA,NA,NA,NA,NA,NA,NA,NA,"0.00000000","alive"," 4","FALSE","NULL"
"k-m-","m37","FALSE","FALSE","2","7","k-m-_m37_2.7",NA,NA,NA,NA,NA,NA,NA,NA,NA,NA,NA,NA,"0.00000000","lost"," 4","FALSE","NULL"
"k-m-","w2","FALSE","FALSE","2","2","k-m-_w2_2.2",NA,NA,NA,NA,NA,NA,NA,NA,NA,NA,NA,NA,"0.00000000","dead"," 4","FALSE","NULL"
"k-m-","w2","FALSE","FALSE","2","3","k-m-_w2_2.3",NA,NA,NA,NA,NA,NA,NA,NA,NA,NA,NA,NA,"0.00000000","stuck"," 3","FALSE","NULL"
"k+m-","c1","TRUE","FALSE","2","1","k+m-_c1_2.1",NA,NA,NA,NA,NA,NA,NA,NA,NA,NA,NA,NA,"0.00000000","stuck"," 3","FALSE","NULL"
"k+m-","c1","TRUE","FALSE","2","2","k+m-_c1_2.2",NA,NA,NA,NA,NA,NA,NA,NA,NA,NA,NA,NA,"0.00000000","alive"," 4","FALSE","NULL"
"k+m-","c1","TRUE","FALSE","2","4","k+m-_c1_2.4",NA,NA,NA,NA,NA,NA,NA,NA,NA,NA,NA,NA,"0.00000000","dead"," 4","FALSE","NULL"
"k+m-","c1","TRUE","FALSE","2","9","k+m-_c1_2.9",NA,NA,NA,NA,NA,NA,NA,NA,NA,NA,NA,NA,"0.00000000","alive"," 4","FALSE","NULL"
"k+m-","c1","TRUE","FALSE","2","10","k+m-_c1_2.10",NA,NA,NA,NA,NA,NA,NA,NA,NA,NA,NA,NA,"0.00000000","stuck"," 3","FALSE","NULL"
"k+m-","m37","TRUE","FALSE","2","6","k+m-_m37_2.6",NA,NA,NA,NA,NA,NA,NA,NA,NA,NA,NA,NA,"0.00000000","dead"," 4","FALSE","NULL"
"k-m+","c1","FALSE","TRUE","2","2","k-m+_c1_2.2",NA,NA,NA,NA,NA,NA,NA,NA,NA,NA,NA,NA,"0.00000000","missing"," 4","FALSE","NULL"
"k-m+","c1","FALSE","TRUE","2","4","k-m+_c1_2.4",NA,NA,NA,NA,NA,NA,NA,NA,NA,NA,NA,NA,"0.00000000","alive"," 4","FALSE","NULL"
"k-m+","c1","FALSE","TRUE","2","7","k-m+_c1_2.7",NA,NA,NA,NA,NA,NA,NA,NA,NA,NA,NA,NA,"0.00000000","dead"," 4","FALSE","NULL"
"k-m+","c1","FALSE","TRUE","2","9","k-m+_c1_2.9",NA,NA,NA,NA,NA,NA,NA,NA,NA,NA,NA,NA,"0.00000000","dead"," 4","FALSE","NULL"
"k-m+","c1","FALSE","TRUE","2","10","k-m+_c1_2.10",NA,NA,NA,NA,NA,NA,NA,NA,NA,NA,NA,NA,"0.00000000","lost"," 4","FALSE","NULL"
"k-m+","m37","FALSE","TRUE","2","2","k-m+_m37_2.2",NA,NA,NA,NA,NA,NA,NA,NA,NA,NA,NA,NA,"0.00000000","dead"," 4","FALSE","NULL"
"k-m+","m37","FALSE","TRUE","2","9","k-m+_m37_2.9",NA,NA,NA,NA,NA,NA,NA,NA,NA,NA,NA,NA,"0.00000000","dead"," 4","FALSE","NULL"
"k+m+","c1","TRUE","TRUE","2","1","k+m+_c1_2.1",NA,NA,NA,NA,NA,NA,NA,NA,NA,NA,NA,NA,"0.00000000","dead"," 4","FALSE","NULL"
"k+m+","c1","TRUE","TRUE","2","6","k+m+_c1_2.6",NA,NA,NA,NA,NA,NA,NA,NA,NA,NA,NA,NA,"0.00000000","dead"," 3","FALSE","NULL"
"k+m+","c1","TRUE","TRUE","2","7","k+m+_c1_2.7",NA,NA,NA,NA,NA,NA,NA,NA,NA,NA,NA,NA,"0.00000000","dead"," 3","FALSE","NULL"
"k+m+","c1","TRUE","TRUE","2","8","k+m+_c1_2.8",NA,NA,NA,NA,NA,NA,NA,NA,NA,NA,NA,NA,"0.00000000","dead"," 3","FALSE","NULL"
"k+m+","m37","TRUE","TRUE","2","4","k+m+_m37_2.4",NA,NA,NA,NA,NA,NA,NA,NA,NA,NA,NA,NA,"0.00000000","alive"," 4","FALSE","NULL"
"k+m+","m37","TRUE","TRUE","2","8","k+m+_m37_2.8",NA,NA,NA,NA,NA,NA,NA,NA,NA,NA,NA,NA,"0.00000000","stuck"," 3","FALSE","NULL"
"k+m+","w2","TRUE","TRUE","2","1","k+m+_w2_2.1",NA,NA,NA,NA,NA,NA,NA,NA,NA,NA,NA,NA,"0.00000000","stuck"," 3","FALSE","NULL"
"k+m+","w2","TRUE","TRUE","2","3","k+m+_w2_2.3",NA,NA,NA,NA,NA,NA,NA,NA,NA,NA,NA,NA,"0.00000000","alive"," 4","FALSE","NULL"
"k-m-","c1","FALSE","FALSE","4","1","k-m-_c1_4.1",NA,NA,NA,NA,NA,NA,NA,NA,NA,NA,NA,NA,"0.00000000","dead"," 4","FALSE","NULL"
"k-m-","c1","FALSE","FALSE","4","2","k-m-_c1_4.2",NA,NA,NA,NA,NA,NA,NA,NA,NA,NA,NA,NA,"0.00000000","dead"," 4","FALSE","NULL"
"k-m-","c1","FALSE","FALSE","4","5","k-m-_c1_4.5",NA,NA,NA,NA,NA,NA,NA,NA,NA,NA,NA,NA,"0.00000000","dead"," 4","FALSE","NULL"
"k-m-","c1","FALSE","FALSE","4","6","k-m-_c1_4.6",NA,NA,NA,NA,NA,NA,NA,NA,NA,NA,NA,NA,"0.00000000","dead"," 4","FALSE","NULL"
"k+m-","c1","TRUE","FALSE","4","2","k+m-_c1_4.2",NA,NA,NA,NA,NA,NA,NA,NA,NA,NA,NA,NA,"0.00000000","dead"," 2","FALSE","NULL"
"k+m-","c1","TRUE","FALSE","4","3","k+m-_c1_4.3",NA,NA,NA,NA,NA,NA,NA,NA,NA,NA,NA,NA,"0.00000000","dead"," 4","FALSE","NULL"
"k+m-","c1","TRUE","FALSE","4","4","k+m-_c1_4.4",NA,NA,NA,NA,NA,NA,NA,NA,NA,NA,NA,NA,"0.00000000","lost"," 4","FALSE","NULL"
"k-m+","c1","FALSE","TRUE","4","2","k-m+_c1_4.2",NA,NA,NA,NA,NA,NA,NA,NA,NA,NA,NA,NA,"0.00000000","dead"," 4","FALSE","NULL"
"k+m+","c1","TRUE","TRUE","4","2","k+m+_c1_4.2",NA,NA,NA,NA,NA,NA,NA,NA,NA,NA,NA,NA,"0.00000000","dead"," 4","FALSE","NULL"
"k+m+","c1","TRUE","TRUE","4","3","k+m+_c1_4.3",NA,NA,NA,NA,NA,NA,NA,NA,NA,NA,NA,NA,"0.00000000","dead"," 4","FALSE","NULL"
"k-m-","c1","FALSE","FALSE","5","3","k-m-_c1_5.3",NA,NA,NA,NA,NA,NA,NA,NA,NA,NA,NA,NA,"0.00000000","dead"," 4","FALSE","NULL"
"k-m-","m37","FALSE","FALSE","5","1","k-m-_m37_5.1",NA,NA,NA,NA,NA,NA,NA,NA,NA,NA,NA,NA,"0.00000000","missing"," 2","FALSE","NULL"
"k-m-","m37","FALSE","FALSE","5","2","k-m-_m37_5.2",NA,NA,NA,NA,NA,NA,NA,NA,NA,NA,NA,NA,"0.00000000","dead"," 4","FALSE","NULL"
"k+m-","c1","TRUE","FALSE","5","2","k+m-_c1_5.2",NA,NA,NA,NA,NA,NA,NA,NA,NA,NA,NA,NA,"0.00000000","dead"," 2","FALSE","NULL"
"k+m-","m37","TRUE","FALSE","5","1","k+m-_m37_5.1",NA,NA,NA,NA,NA,NA,NA,NA,NA,NA,NA,NA,"0.00000000","dead"," 4","FALSE","NULL"
"k+m-","m37","TRUE","FALSE","5","4","k+m-_m37_5.4",NA,NA,NA,NA,NA,NA,NA,NA,NA,NA,NA,NA,"0.00000000","missing"," 2","FALSE","NULL"
"k-m+","c1","FALSE","TRUE","5","1","k-m+_c1_5.1",NA,NA,NA,NA,NA,NA,NA,NA,NA,NA,NA,NA,"0.00000000","dead"," 4","FALSE","NULL"
"k-m+","c1","FALSE","TRUE","5","3","k-m+_c1_5.3",NA,NA,NA,NA,NA,NA,NA,NA,NA,NA,NA,NA,"0.00000000","dead"," 4","FALSE","NULL"
"k+m+","c1","TRUE","TRUE","5","2","k+m+_c1_5.2",NA,NA,NA,NA,NA,NA,NA,NA,NA,NA,NA,NA,"0.00000000","dead"," 4","FALSE","NULL"
"k-m-","c1","FALSE","FALSE","6","1","k-m-_c1_6.1",NA,NA,NA,NA,NA,NA,NA,NA,NA,NA,NA,NA,"0.00000000","dead"," 2","FALSE","NULL"
"k-m-","c1","FALSE","FALSE","6","2","k-m-_c1_6.2",NA,NA,NA,NA,NA,NA,NA,NA,NA,NA,NA,NA,"0.00000000","dead"," 5","FALSE","NULL"
"k-m-","c1","FALSE","FALSE","6","5","k-m-_c1_6.5",NA,NA,NA,NA,NA,NA,NA,NA,NA,NA,NA,NA,"0.00000000","dead"," 5","FALSE","NULL"
"k+m-","c1","TRUE","FALSE","6","4","k+m-_c1_6.4",NA,NA,NA,NA,NA,NA,NA,NA,NA,NA,NA,NA,"0.00000000","dead"," 2","FALSE","NULL"
"k+m+","c1","TRUE","TRUE","6","1","k+m+_c1_6.1",NA,NA,NA,NA,NA,NA,NA,NA,NA,NA,NA,NA,"0.00000000","dead"," 2","FALSE","NULL"
"k+m+","c1","TRUE","TRUE","6","3","k+m+_c1_6.3",NA,NA,NA,NA,NA,NA,NA,NA,NA,NA,NA,NA,"0.00000000","dead"," 5","FALSE","NULL"
"k+m+","c1","TRUE","TRUE","6","4","k+m+_c1_6.4",NA,NA,NA,NA,NA,NA,NA,NA,NA,NA,NA,NA,"0.00000000","dead"," 5","FALSE","NULL"
"k+m+","c1","TRUE","TRUE","6","5","k+m+_c1_6.5",NA,NA,NA,NA,NA,NA,NA,NA,NA,NA,NA,NA,"0.00000000","lost"," 2","FALSE","NULL"
"k+m+","m37","TRUE","TRUE","6","1","k+m+_m37_6.1",NA,NA,NA,NA,NA,NA,NA,NA,NA,NA,NA,NA,"0.00000000","dead"," 2","FALSE","NULL"
